1,2,13,2026-09-12T22:34:50,2026-09-12T22:34:56,5.5
2,2,7,2026-09-12T22:34:45,2026-09-12T22:35:08,22.8
3,1,22,2026-09-12T22:35:08,2026-09-12T22:35:14,6.2
4,1,22,2026-09-12T22:35:16,2026-09-12T22:35:25,9.5
5,2,32,2026-09-12T22:35:39,2026-09-12T22:35:43,4.4
6,1,29,2026-09-12T22:35:29,2026-09-12T22:35:51,21.5
7,2,34,2026-09-12T22:35:51,2026-09-12T22:35:57,5.7
8,2,38,2026-09-12T22:35:57,2026-09-12T22:36:05,8.2
9,2,44,2026-09-12T22:36:13,2026-09-12T22:36:18,5.5
10,1,41,2026-09-12T22:36:12,2026-09-12T22:36:38,25.5
11,2,48,2026-09-12T22:36:15,2026-09-12T22:36:40,25.3
12,1,21,2026-09-12T22:35:08,2026-09-12T22:36:44,96.1
13,1,55,2026-09-12T22:36:47,2026-09-12T22:36:51,4.3
14,1,20,2026-09-12T22:35:08,2026-09-12T22:36:55,106.2
15,1,57,2026-09-12T22:36:48,2026-09-12T22:36:57,9.4
16,2,54,2026-09-12T22:36:44,2026-09-12T22:37:00,15.9
17,2,8,2026-09-12T22:34:45,2026-09-12T22:37:05,140.4
18,2,40,2026-09-12T22:36:11,2026-09-12T22:37:10,58.7
19,2,62,2026-09-12T22:36:57,2026-09-12T22:37:15,18.2
20,2,62,2026-09-12T22:37:17,2026-09-12T22:37:22,5.3
21,2,70,2026-09-12T22:37:17,2026-09-12T22:37:23,5.4
22,2,76,2026-09-12T22:37:24,2026-09-12T22:37:30,6.8
23,1,85,2026-09-12T22:37:36,2026-09-12T22:37:40,4.3
24,2,68,2026-09-12T22:37:12,2026-09-12T22:37:51,39.1
25,2,92,2026-09-12T22:37:51,2026-09-12T22:37:57,6.1
26,2,82,2026-09-12T22:37:33,2026-09-12T22:38:03,29.3
27,2,78,2026-09-12T22:37:25,2026-09-12T22:38:09,43.4
28,2,82,2026-09-12T22:38:04,2026-09-12T22:38:09,4.7
29,1,49,2026-09-12T22:36:37,2026-09-12T22:38:17,100.0
30,1,59,2026-09-12T22:36:53,2026-09-12T22:38:20,87.4
31,1,95,2026-09-12T22:38:01,2026-09-12T22:38:20,19.6
32,2,90,2026-09-12T22:37:44,2026-09-12T22:38:25,40.6
33,1,1,2026-09-12T22:38:19,2026-09-12T22:38:25,6.0
34,2,100,2026-09-12T22:38:12,2026-09-12T22:38:29,17.0
35,2,112,2026-09-12T22:38:36,2026-09-12T22:39:12,35.5
36,2,114,2026-09-12T22:38:37,2026-09-12T22:39:22,44.8
37,2,102,2026-09-12T22:38:13,2026-09-12T22:39:53,99.9
38,2,116,2026-09-12T22:40:07,2026-09-12T22:40:20,12.9
39,2,114,2026-09-12T22:39:24,2026-09-12T22:40:21,56.8
40,1,1,2026-09-12T22:40:11,2026-09-12T22:40:22,10.6
41,2,118,2026-09-12T22:40:16,2026-09-12T22:40:33,17.4
42,1,93,2026-09-12T22:38:00,2026-09-12T22:40:42,162.4
43,1,103,2026-09-12T22:38:17,2026-09-12T22:40:42,145.7
44,2,126,2026-09-12T22:40:38,2026-09-12T22:40:45,7.3
45,1,127,2026-09-12T22:40:43,2026-09-12T22:40:51,7.5
46,1,119,2026-09-12T22:40:36,2026-09-12T22:40:59,23.3
47,1,129,2026-09-12T22:40:45,2026-09-12T22:40:59,14.7
48,2,124,2026-09-12T22:40:36,2026-09-12T22:41:03,26.9
49,1,1,2026-09-12T22:41:36,2026-09-12T22:41:44,8.0
50,2,134,2026-09-12T22:40:50,2026-09-12T22:42:00,69.7
51,2,102,2026-09-12T22:39:56,2026-09-12T22:42:02,126.2
52,2,142,2026-09-12T22:41:59,2026-09-12T22:42:08,9.1
1,2,14,2026-09-13T20:24:08,2026-09-13T20:24:26,18.2
2,2,3,2026-09-13T20:23:53,2026-09-13T20:25:08,75.5
3,1,19,2026-09-13T20:25:08,2026-09-13T20:25:22,13.6
4,1,19,2026-09-13T20:25:25,2026-09-13T20:26:06,41.1
5,2,32,2026-09-13T20:26:45,2026-09-13T20:27:00,14.3
6,1,29,2026-09-13T20:26:26,2026-09-13T20:27:27,60.4
7,2,34,2026-09-13T20:27:27,2026-09-13T20:27:47,19.9
8,2,38,2026-09-13T20:27:48,2026-09-13T20:28:15,26.2
9,2,44,2026-09-13T20:28:32,2026-09-13T20:28:46,14.3
10,1,41,2026-09-13T20:28:31,2026-09-13T20:29:40,69.9
11,2,48,2026-09-13T20:28:37,2026-09-13T20:29:45,68.0
12,1,18,2026-09-13T20:25:08,2026-09-13T20:29:52,283.9
13,1,55,2026-09-13T20:29:56,2026-09-13T20:30:03,7.2
14,1,17,2026-09-13T20:25:08,2026-09-13T20:30:08,300.0
15,1,57,2026-09-13T20:29:57,2026-09-13T20:30:12,14.6
16,2,54,2026-09-13T20:29:52,2026-09-13T20:30:17,24.9
17,2,4,2026-09-13T20:23:53,2026-09-13T20:30:24,391.9
18,2,40,2026-09-13T20:28:27,2026-09-13T20:30:31,123.4
19,2,62,2026-09-13T20:30:12,2026-09-13T20:30:39,27.7
20,2,62,2026-09-13T20:30:42,2026-09-13T20:30:52,9.5
21,2,70,2026-09-13T20:30:43,2026-09-13T20:30:53,9.3
22,2,76,2026-09-13T20:30:55,2026-09-13T20:31:06,11.8
23,1,85,2026-09-13T20:31:19,2026-09-13T20:31:26,6.6
24,2,68,2026-09-13T20:30:34,2026-09-13T20:31:45,71.1
25,2,92,2026-09-13T20:31:46,2026-09-13T20:31:56,9.7
26,2,82,2026-09-13T20:31:13,2026-09-13T20:32:03,50.2
27,2,78,2026-09-13T20:30:58,2026-09-13T20:32:11,73.7
28,2,82,2026-09-13T20:32:06,2026-09-13T20:32:11,5.5
29,1,49,2026-09-13T20:29:39,2026-09-13T20:32:21,162.6
30,1,59,2026-09-13T20:30:06,2026-09-13T20:32:29,142.6
31,1,95,2026-09-13T20:32:01,2026-09-13T20:32:29,27.6
32,1,5,2026-09-13T20:32:26,2026-09-13T20:32:37,10.8
33,2,90,2026-09-13T20:31:33,2026-09-13T20:32:37,64.4
34,2,100,2026-09-13T20:32:16,2026-09-13T20:32:44,27.7
35,2,112,2026-09-13T20:32:52,2026-09-13T20:33:02,10.4
36,2,114,2026-09-13T20:32:53,2026-09-13T20:33:10,17.6
37,2,102,2026-09-13T20:32:17,2026-09-13T20:33:32,75.5
38,2,116,2026-09-13T20:33:45,2026-09-13T20:33:55,10.2
39,2,114,2026-09-13T20:33:13,2026-09-13T20:33:56,43.1
40,1,5,2026-09-13T20:33:49,2026-09-13T20:33:57,8.2
41,2,118,2026-09-13T20:33:52,2026-09-13T20:34:06,14.1
42,1,93,2026-09-13T20:32:00,2026-09-13T20:34:14,134.3
43,1,103,2026-09-13T20:32:21,2026-09-13T20:34:14,113.1
44,2,126,2026-09-13T20:34:10,2026-09-13T20:34:17,7.0
45,1,127,2026-09-13T20:34:15,2026-09-13T20:34:23,7.3
46,1,119,2026-09-13T20:34:09,2026-09-13T20:34:30,21.7
47,1,129,2026-09-13T20:34:17,2026-09-13T20:34:30,13.5
48,2,124,2026-09-13T20:34:09,2026-09-13T20:34:34,24.7
49,1,5,2026-09-13T20:35:02,2026-09-13T20:35:09,6.8
50,2,134,2026-09-13T20:34:22,2026-09-13T20:35:21,58.4
51,2,102,2026-09-13T20:33:35,2026-09-13T20:35:22,106.8
52,2,142,2026-09-13T20:35:20,2026-09-13T20:35:26,6.0
53,2,141,2026-09-13T20:35:20,2026-09-13T20:35:35,15.1
54,2,142,2026-09-13T20:35:29,2026-09-13T20:35:36,7.7
55,2,142,2026-09-13T20:35:41,2026-09-13T20:35:48,7.5
56,2,146,2026-09-13T20:35:43,2026-09-13T20:35:51,8.1
57,1,5,2026-09-13T20:35:53,2026-09-13T20:36:01,7.8
58,2,152,2026-09-13T20:36:00,2026-09-13T20:36:11,10.4
59,2,158,2026-09-13T20:36:10,2026-09-13T20:36:20,10.1
60,2,154,2026-09-13T20:36:04,2026-09-13T20:36:39,35.5
61,1,163,2026-09-13T20:36:39,2026-09-13T20:36:47,7.7
62,1,163,2026-09-13T20:36:49,2026-09-13T20:37:03,14.0
63,2,176,2026-09-13T20:37:26,2026-09-13T20:37:32,6.4
64,1,173,2026-09-13T20:37:11,2026-09-13T20:37:42,31.8
65,2,178,2026-09-13T20:37:42,2026-09-13T20:37:51,8.3
66,2,182,2026-09-13T20:37:51,2026-09-13T20:38:05,13.9
67,2,188,2026-09-13T20:38:15,2026-09-13T20:38:23,7.6
68,1,185,2026-09-13T20:38:14,2026-09-13T20:38:54,39.7
69,2,192,2026-09-13T20:38:18,2026-09-13T20:38:58,39.3
70,1,162,2026-09-13T20:36:39,2026-09-13T20:39:04,144.8
71,1,199,2026-09-13T20:39:07,2026-09-13T20:39:14,6.5
72,1,161,2026-09-13T20:36:39,2026-09-13T20:39:20,160.9
73,1,201,2026-09-13T20:39:08,2026-09-13T20:39:24,15.3
74,2,198,2026-09-13T20:39:04,2026-09-13T20:39:29,24.6
75,2,138,2026-09-13T20:34:43,2026-09-13T20:39:35,292.3
76,2,184,2026-09-13T20:38:13,2026-09-13T20:39:41,88.2
77,2,206,2026-09-13T20:39:24,2026-09-13T20:39:49,25.1
78,2,206,2026-09-13T20:39:52,2026-09-13T20:40:00,8.5
79,2,214,2026-09-13T20:39:52,2026-09-13T20:40:01,9.2
80,2,220,2026-09-13T20:40:04,2026-09-13T20:40:14,10.1
81,1,229,2026-09-13T20:40:21,2026-09-13T20:40:26,5.8
82,2,212,2026-09-13T20:39:44,2026-09-13T20:40:43,59.7
83,2,236,2026-09-13T20:40:45,2026-09-13T20:40:56,11.6
84,2,226,2026-09-13T20:40:18,2026-09-13T20:41:04,46.2
85,2,222,2026-09-13T20:40:06,2026-09-13T20:41:12,66.0
86,2,226,2026-09-13T20:41:06,2026-09-13T20:41:12,6.1
87,1,193,2026-09-13T20:38:52,2026-09-13T20:41:24,151.6
88,1,203,2026-09-13T20:39:17,2026-09-13T20:41:29,132.0
89,1,239,2026-09-13T20:41:01,2026-09-13T20:41:29,29.0
90,1,5,2026-09-13T20:41:27,2026-09-13T20:41:35,7.9
91,2,234,2026-09-13T20:40:34,2026-09-13T20:41:35,60.9
92,2,244,2026-09-13T20:41:17,2026-09-13T20:41:40,22.5
93,2,256,2026-09-13T20:41:47,2026-09-13T20:41:58,10.2
94,2,258,2026-09-13T20:41:48,2026-09-13T20:42:05,17.4
95,2,246,2026-09-13T20:41:19,2026-09-13T20:42:25,66.6
96,2,260,2026-09-13T20:42:39,2026-09-13T20:42:51,11.8
97,2,258,2026-09-13T20:42:07,2026-09-13T20:42:51,44.0
98,1,5,2026-09-13T20:42:43,2026-09-13T20:42:52,9.2
99,2,262,2026-09-13T20:42:47,2026-09-13T20:43:02,14.4
100,1,237,2026-09-13T20:41:00,2026-09-13T20:43:10,130.2
101,1,247,2026-09-13T20:41:24,2026-09-13T20:43:10,106.2
102,2,270,2026-09-13T20:43:06,2026-09-13T20:43:14,7.8
103,1,271,2026-09-13T20:43:10,2026-09-13T20:43:19,9.0
104,1,263,2026-09-13T20:43:04,2026-09-13T20:43:27,23.7
105,1,273,2026-09-13T20:43:13,2026-09-13T20:43:27,14.5
106,2,268,2026-09-13T20:43:04,2026-09-13T20:43:31,26.4
107,1,5,2026-09-13T20:44:01,2026-09-13T20:44:10,9.1
108,2,278,2026-09-13T20:43:19,2026-09-13T20:44:23,63.9
109,2,246,2026-09-13T20:42:28,2026-09-13T20:44:25,117.0
110,2,286,2026-09-13T20:44:21,2026-09-13T20:44:30,8.8
111,2,285,2026-09-13T20:44:21,2026-09-13T20:44:40,18.3
112,2,286,2026-09-13T20:44:33,2026-09-13T20:44:41,7.6
113,2,286,2026-09-13T20:44:45,2026-09-13T20:44:54,9.2
114,2,290,2026-09-13T20:44:47,2026-09-13T20:45:00,12.6
115,1,5,2026-09-13T20:45:02,2026-09-13T20:45:12,9.6
116,2,296,2026-09-13T20:45:11,2026-09-13T20:45:23,12.4
117,2,302,2026-09-13T20:45:22,2026-09-13T20:45:32,10.1
118,2,298,2026-09-13T20:45:16,2026-09-13T20:45:55,39.7
119,1,307,2026-09-13T20:45:55,2026-09-13T20:46:03,7.6
120,1,307,2026-09-13T20:46:04,2026-09-13T20:46:18,14.3
121,2,320,2026-09-13T20:46:41,2026-09-13T20:46:48,6.7
122,1,317,2026-09-13T20:46:25,2026-09-13T20:46:58,32.2
123,2,322,2026-09-13T20:46:58,2026-09-13T20:47:10,12.2
124,2,326,2026-09-13T20:47:11,2026-09-13T20:47:25,13.9
125,2,332,2026-09-13T20:47:34,2026-09-13T20:47:42,7.9
126,1,329,2026-09-13T20:47:33,2026-09-13T20:48:14,41.1
127,2,336,2026-09-13T20:47:37,2026-09-13T20:48:18,41.2
128,1,306,2026-09-13T20:45:55,2026-09-13T20:48:25,149.7
129,1,343,2026-09-13T20:48:28,2026-09-13T20:48:36,7.5
130,1,305,2026-09-13T20:45:55,2026-09-13T20:48:41,166.3
131,1,345,2026-09-13T20:48:30,2026-09-13T20:48:45,15.7
132,2,342,2026-09-13T20:48:25,2026-09-13T20:48:51,26.2
133,2,282,2026-09-13T20:43:40,2026-09-13T20:49:00,319.7
134,2,328,2026-09-13T20:47:32,2026-09-13T20:49:08,96.0
135,2,350,2026-09-13T20:48:46,2026-09-13T20:49:15,29.4
136,2,350,2026-09-13T20:49:18,2026-09-13T20:49:28,10.0
137,2,358,2026-09-13T20:49:18,2026-09-13T20:49:28,10.0
138,2,364,2026-09-13T20:49:30,2026-09-13T20:49:45,14.3
139,1,372,2026-09-13T20:49:54,2026-09-13T20:50:01,7.3
140,2,356,2026-09-13T20:49:10,2026-09-13T20:50:21,70.6
141,2,380,2026-09-13T20:50:22,2026-09-13T20:50:32,9.7
142,2,370,2026-09-13T20:49:50,2026-09-13T20:50:39,48.7
143,2,366,2026-09-13T20:49:34,2026-09-13T20:50:51,76.9
144,2,370,2026-09-13T20:50:41,2026-09-13T20:50:51,9.2
145,1,337,2026-09-13T20:48:13,2026-09-13T20:51:03,170.2
146,1,347,2026-09-13T20:48:39,2026-09-13T20:51:09,149.7
147,1,383,2026-09-13T20:50:36,2026-09-13T20:51:09,32.7
148,1,5,2026-09-13T20:51:06,2026-09-13T20:51:15,9.0
149,2,378,2026-09-13T20:50:10,2026-09-13T20:51:16,65.7
150,2,388,2026-09-13T20:50:56,2026-09-13T20:51:24,28.1
151,2,401,2026-09-13T20:51:34,2026-09-13T20:51:47,12.3
152,2,402,2026-09-13T20:51:35,2026-09-13T20:51:55,19.5
153,2,390,2026-09-13T20:50:57,2026-09-13T20:52:17,79.3
154,2,404,2026-09-13T20:52:28,2026-09-13T20:52:41,13.3
155,2,402,2026-09-13T20:51:57,2026-09-13T20:52:42,45.3
156,1,5,2026-09-13T20:52:31,2026-09-13T20:52:43,11.6
157,2,406,2026-09-13T20:52:37,2026-09-13T20:52:53,16.6
158,1,381,2026-09-13T20:50:35,2026-09-13T20:53:04,148.6
159,1,391,2026-09-13T20:51:03,2026-09-13T20:53:04,121.0
160,2,414,2026-09-13T20:52:59,2026-09-13T20:53:07,7.6
161,1,415,2026-09-13T20:53:04,2026-09-13T20:53:13,8.5
162,1,407,2026-09-13T20:52:57,2026-09-13T20:53:20,23.7
163,1,417,2026-09-13T20:53:06,2026-09-13T20:53:20,14.3
164,2,412,2026-09-13T20:52:58,2026-09-13T20:53:24,26.3
165,1,5,2026-09-13T20:53:54,2026-09-13T20:54:04,9.2
166,2,422,2026-09-13T20:53:13,2026-09-13T20:54:18,65.2
167,2,390,2026-09-13T20:52:19,2026-09-13T20:54:19,120.4
168,2,430,2026-09-13T20:54:16,2026-09-13T20:54:24,7.9
169,2,429,2026-09-13T20:54:16,2026-09-13T20:55:02,45.4
170,2,430,2026-09-13T20:54:46,2026-09-13T20:55:03,17.0
171,2,430,2026-09-13T20:55:06,2026-09-13T20:55:16,9.5
172,2,434,2026-09-13T20:55:10,2026-09-13T20:55:19,9.3
173,1,5,2026-09-13T20:55:20,2026-09-13T20:55:28,8.2
174,2,440,2026-09-13T20:55:28,2026-09-13T20:55:40,11.8
175,2,446,2026-09-13T20:55:39,2026-09-13T20:55:49,10.3
176,2,442,2026-09-13T20:55:32,2026-09-13T20:56:11,38.8
177,1,451,2026-09-13T20:56:10,2026-09-13T20:56:18,8.1
178,1,451,2026-09-13T20:56:19,2026-09-13T20:56:36,16.7
179,2,464,2026-09-13T20:57:01,2026-09-13T20:57:08,6.8
180,1,460,2026-09-13T20:56:44,2026-09-13T20:57:19,35.5
181,2,466,2026-09-13T20:57:20,2026-09-13T20:57:30,9.3
182,2,470,2026-09-13T20:57:30,2026-09-13T20:57:44,13.5
183,2,476,2026-09-13T20:57:54,2026-09-13T20:58:03,9.0
184,1,473,2026-09-13T20:57:52,2026-09-13T20:58:36,43.6
185,2,480,2026-09-13T20:57:57,2026-09-13T20:58:40,43.1
186,1,450,2026-09-13T20:56:10,2026-09-13T20:58:45,155.4
187,1,487,2026-09-13T20:58:49,2026-09-13T20:58:55,6.9
188,1,449,2026-09-13T20:56:10,2026-09-13T20:59:01,171.3
189,1,489,2026-09-13T20:58:50,2026-09-13T20:59:05,14.7
190,2,486,2026-09-13T20:58:46,2026-09-13T20:59:11,25.1
191,2,426,2026-09-13T20:53:34,2026-09-13T20:59:19,345.3
192,2,472,2026-09-13T20:57:51,2026-09-13T20:59:26,94.2
193,2,494,2026-09-13T20:59:05,2026-09-13T20:59:34,28.6
194,2,494,2026-09-13T20:59:37,2026-09-13T20:59:45,8.3
195,2,502,2026-09-13T20:59:37,2026-09-13T20:59:46,8.5
196,2,508,2026-09-13T20:59:48,2026-09-13T20:59:58,10.7
197,1,516,2026-09-13T21:00:06,2026-09-13T21:00:12,6.3
198,2,500,2026-09-13T20:59:28,2026-09-13T21:00:29,61.0
199,2,524,2026-09-13T21:00:31,2026-09-13T21:00:40,9.1
200,2,514,2026-09-13T21:00:03,2026-09-13T21:00:48,45.5
201,2,510,2026-09-13T20:59:50,2026-09-13T21:00:58,67.8
202,2,514,2026-09-13T21:00:51,2026-09-13T21:00:58,7.1
203,1,481,2026-09-13T20:58:34,2026-09-13T21:01:09,155.5
204,1,491,2026-09-13T20:58:59,2026-09-13T21:01:15,135.7
205,1,526,2026-09-13T21:00:45,2026-09-13T21:01:15,30.0
206,1,5,2026-09-13T21:01:12,2026-09-13T21:01:23,10.0
207,2,522,2026-09-13T21:00:20,2026-09-13T21:01:23,63.2
208,2,532,2026-09-13T21:01:03,2026-09-13T21:01:28,24.9
209,2,545,2026-09-13T21:01:36,2026-09-13T21:01:48,12.2
210,2,546,2026-09-13T21:01:37,2026-09-13T21:01:58,21.3
1,2,13,2026-09-13T21:51:22,2026-09-13T21:51:29,7.2
2,2,3,2026-09-13T21:51:14,2026-09-13T21:52:00,45.9
3,1,19,2026-09-13T21:52:00,2026-09-13T21:52:15,15.2
4,1,19,2026-09-13T21:52:19,2026-09-13T21:52:43,24.2
5,2,32,2026-09-13T21:53:28,2026-09-13T21:53:53,25.0
6,1,29,2026-09-13T21:52:58,2026-09-13T21:54:17,78.5
7,2,34,2026-09-13T21:54:17,2026-09-13T21:54:33,16.6
8,2,38,2026-09-13T21:54:34,2026-09-13T21:54:55,20.9
9,2,44,2026-09-13T21:55:11,2026-09-13T21:55:30,19.1
10,1,41,2026-09-13T21:55:10,2026-09-13T21:56:15,64.8
11,2,48,2026-09-13T21:55:18,2026-09-13T21:56:20,62.4
12,1,18,2026-09-13T21:52:00,2026-09-13T21:56:32,272.0
1,2,13,2026-09-13T23:21:41,2026-09-13T23:21:52,10.7
2,2,3,2026-09-13T23:21:22,2026-09-13T23:23:23,121.1
3,1,19,2026-09-13T23:23:23,2026-09-13T23:23:53,30.4
4,1,19,2026-09-13T23:24:01,2026-09-13T23:24:37,35.9
5,2,32,2026-09-13T23:25:21,2026-09-13T23:25:38,17.1
6,1,29,2026-09-13T23:24:48,2026-09-13T23:26:14,86.0
7,2,34,2026-09-13T23:26:15,2026-09-13T23:26:35,20.5
1,2,14,2026-09-14T21:51:18,2026-09-14T21:51:24,5.3
2,2,7,2026-09-14T21:51:12,2026-09-14T21:51:35,23.3
3,1,19,2026-09-14T21:51:35,2026-09-14T21:51:40,4.3
4,1,19,2026-09-14T21:51:40,2026-09-14T21:51:49,8.3
5,2,31,2026-09-14T21:52:16,2026-09-14T21:52:24,8.1
6,1,29,2026-09-14T21:51:52,2026-09-14T21:52:33,40.5
7,2,34,2026-09-14T21:52:33,2026-09-14T21:52:39,6.5
8,2,38,2026-09-14T21:52:40,2026-09-14T21:52:49,8.6
9,2,44,2026-09-14T21:52:55,2026-09-14T21:53:00,4.7
10,1,41,2026-09-14T21:52:55,2026-09-14T21:53:20,25.3
11,2,48,2026-09-14T21:52:57,2026-09-14T21:53:22,25.7
12,1,18,2026-09-14T21:51:35,2026-09-14T21:53:26,111.1
13,1,55,2026-09-14T21:53:29,2026-09-14T21:53:33,3.9
14,1,17,2026-09-14T21:51:35,2026-09-14T21:53:36,121.1
15,1,57,2026-09-14T21:53:29,2026-09-14T21:53:40,10.2
16,2,54,2026-09-14T21:53:26,2026-09-14T21:53:42,16.1
17,2,8,2026-09-14T21:51:12,2026-09-14T21:53:46,154.1
18,2,40,2026-09-14T21:52:53,2026-09-14T21:53:50,56.2
19,2,62,2026-09-14T21:53:39,2026-09-14T21:53:54,14.6
20,2,62,2026-09-14T21:53:56,2026-09-14T21:54:01,5.3
21,2,70,2026-09-14T21:53:56,2026-09-14T21:54:01,5.3
22,2,76,2026-09-14T21:54:02,2026-09-14T21:54:09,6.5
23,1,85,2026-09-14T21:54:14,2026-09-14T21:54:18,4.7
24,2,68,2026-09-14T21:53:51,2026-09-14T21:54:28,36.8
25,2,92,2026-09-14T21:54:29,2026-09-14T21:54:33,4.9
26,2,82,2026-09-14T21:54:12,2026-09-14T21:54:38,26.8
27,2,78,2026-09-14T21:54:04,2026-09-14T21:54:43,39.6
28,2,82,2026-09-14T21:54:40,2026-09-14T21:54:43,3.7
29,1,49,2026-09-14T21:53:19,2026-09-14T21:54:51,92.2
30,1,59,2026-09-14T21:53:34,2026-09-14T21:54:55,80.5
31,1,95,2026-09-14T21:54:36,2026-09-14T21:54:55,18.4
32,2,90,2026-09-14T21:54:22,2026-09-14T21:54:59,36.2
33,1,1,2026-09-14T21:54:53,2026-09-14T21:54:59,5.3
34,2,100,2026-09-14T21:54:47,2026-09-14T21:55:02,15.1
35,2,112,2026-09-14T21:55:07,2026-09-14T21:55:14,7.3
36,2,114,2026-09-14T21:55:07,2026-09-14T21:55:19,11.7
37,2,102,2026-09-14T21:54:47,2026-09-14T21:55:33,45.2
38,2,116,2026-09-14T21:55:41,2026-09-14T21:55:48,7.2
39,2,114,2026-09-14T21:55:20,2026-09-14T21:55:48,28.6
40,1,1,2026-09-14T21:55:43,2026-09-14T21:55:49,5.5
41,2,118,2026-09-14T21:55:46,2026-09-14T21:55:55,9.1
42,1,93,2026-09-14T21:54:36,2026-09-14T21:56:00,84.3
43,1,103,2026-09-14T21:54:51,2026-09-14T21:56:00,69.3
44,2,126,2026-09-14T21:55:57,2026-09-14T21:56:01,4.1
45,1,127,2026-09-14T21:56:00,2026-09-14T21:56:05,4.6
46,1,119,2026-09-14T21:55:56,2026-09-14T21:56:10,13.7
47,1,129,2026-09-14T21:56:01,2026-09-14T21:56:10,8.9
48,2,124,2026-09-14T21:55:57,2026-09-14T21:56:12,15.7
49,1,1,2026-09-14T21:56:31,2026-09-14T21:56:36,4.9
50,2,134,2026-09-14T21:56:05,2026-09-14T21:56:43,38.9
51,2,102,2026-09-14T21:55:34,2026-09-14T21:56:44,70.2
52,2,142,2026-09-14T21:56:43,2026-09-14T21:56:47,3.9
53,2,141,2026-09-14T21:56:43,2026-09-14T21:56:53,10.2
54,2,142,2026-09-14T21:56:49,2026-09-14T21:56:54,5.1
55,2,142,2026-09-14T21:56:56,2026-09-14T21:57:01,4.4
56,2,146,2026-09-14T21:56:58,2026-09-14T21:57:03,5.6
57,1,1,2026-09-14T21:57:05,2026-09-14T21:57:09,4.9
58,2,152,2026-09-14T21:57:09,2026-09-14T21:57:16,7.0
59,2,158,2026-09-14T21:57:15,2026-09-14T21:57:21,5.7
60,2,154,2026-09-14T21:57:11,2026-09-14T21:57:33,21.8
61,1,163,2026-09-14T21:57:33,2026-09-14T21:57:38,4.7
62,1,163,2026-09-14T21:57:38,2026-09-14T21:57:48,9.8
63,2,176,2026-09-14T21:58:04,2026-09-14T21:58:09,5.6
64,1,173,2026-09-14T21:57:53,2026-09-14T21:58:16,23.4
65,2,178,2026-09-14T21:58:16,2026-09-14T21:58:21,5.3
66,2,182,2026-09-14T21:58:22,2026-09-14T21:58:30,8.2
67,2,188,2026-09-14T21:58:36,2026-09-14T21:58:41,4.7
68,1,185,2026-09-14T21:58:36,2026-09-14T21:59:02,26.1
69,2,192,2026-09-14T21:58:38,2026-09-14T21:59:04,26.3
70,1,162,2026-09-14T21:57:33,2026-09-14T21:59:09,95.7
71,1,199,2026-09-14T21:59:11,2026-09-14T21:59:15,4.1
72,1,161,2026-09-14T21:57:33,2026-09-14T21:59:19,105.5
73,1,201,2026-09-14T21:59:12,2026-09-14T21:59:21,9.3
74,2,198,2026-09-14T21:59:09,2026-09-14T21:59:25,16.2
75,2,138,2026-09-14T21:56:18,2026-09-14T21:59:30,191.1
76,2,184,2026-09-14T21:58:34,2026-09-14T21:59:33,59.2
77,2,206,2026-09-14T21:59:21,2026-09-14T21:59:38,17.7
78,2,206,2026-09-14T21:59:40,2026-09-14T21:59:45,5.2
79,2,214,2026-09-14T21:59:40,2026-09-14T21:59:46,5.2
80,2,220,2026-09-14T21:59:47,2026-09-14T21:59:54,6.9
81,1,229,2026-09-14T21:59:59,2026-09-14T22:00:03,4.6
82,2,212,2026-09-14T21:59:35,2026-09-14T22:00:14,38.9
83,2,236,2026-09-14T22:00:14,2026-09-14T22:00:20,5.5
84,2,226,2026-09-14T21:59:56,2026-09-14T22:00:24,28.2
85,2,222,2026-09-14T21:59:48,2026-09-14T22:00:30,41.2
86,2,226,2026-09-14T22:00:26,2026-09-14T22:00:30,4.0
87,1,193,2026-09-14T21:59:01,2026-09-14T22:00:37,96.6
88,1,203,2026-09-14T21:59:17,2026-09-14T22:00:41,84.1
89,1,239,2026-09-14T22:00:23,2026-09-14T22:00:41,18.0
90,2,234,2026-09-14T22:00:08,2026-09-14T22:00:45,37.2
91,1,1,2026-09-14T22:00:40,2026-09-14T22:00:45,5.7
92,2,244,2026-09-14T22:00:33,2026-09-14T22:00:50,17.9
93,2,256,2026-09-14T22:00:56,2026-09-14T22:01:03,7.2
94,2,258,2026-09-14T22:00:56,2026-09-14T22:01:08,12.1
95,2,246,2026-09-14T22:00:33,2026-09-14T22:01:20,47.0
96,2,260,2026-09-14T22:01:28,2026-09-14T22:01:39,11.3
97,2,258,2026-09-14T22:01:09,2026-09-14T22:01:39,30.4
98,1,1,2026-09-14T22:01:33,2026-09-14T22:01:40,7.7
99,2,262,2026-09-14T22:01:36,2026-09-14T22:01:48,11.4
100,1,237,2026-09-14T22:00:22,2026-09-14T22:01:56,94.0
101,1,247,2026-09-14T22:00:37,2026-09-14T22:01:56,79.0
102,2,270,2026-09-14T22:01:52,2026-09-14T22:01:58,5.6
103,1,271,2026-09-14T22:01:57,2026-09-14T22:02:03,5.8
104,1,263,2026-09-14T22:01:50,2026-09-14T22:02:10,19.7
105,1,273,2026-09-14T22:01:58,2026-09-14T22:02:10,11.7
106,2,268,2026-09-14T22:01:50,2026-09-14T22:02:12,22.0
107,1,1,2026-09-14T22:02:36,2026-09-14T22:02:43,6.0
108,2,278,2026-09-14T22:02:02,2026-09-14T22:02:53,51.4
109,2,246,2026-09-14T22:01:22,2026-09-14T22:02:55,92.9
110,2,286,2026-09-14T22:02:52,2026-09-14T22:02:59,6.7
111,2,285,2026-09-14T22:02:52,2026-09-14T22:03:08,15.4
112,2,286,2026-09-14T22:03:02,2026-09-14T22:03:09,6.9
113,2,286,2026-09-14T22:03:13,2026-09-14T22:03:19,6.4
114,2,290,2026-09-14T22:03:14,2026-09-14T22:03:22,7.6
115,1,1,2026-09-14T22:03:24,2026-09-14T22:03:31,6.9
116,2,296,2026-09-14T22:03:30,2026-09-14T22:03:40,9.5
117,2,302,2026-09-14T22:03:39,2026-09-14T22:03:46,7.6
118,2,298,2026-09-14T22:03:33,2026-09-14T22:04:05,31.2
119,1,307,2026-09-14T22:04:05,2026-09-14T22:04:12,7.0
120,1,307,2026-09-14T22:04:13,2026-09-14T22:04:26,12.8
121,2,320,2026-09-14T22:04:45,2026-09-14T22:04:50,5.9
122,1,317,2026-09-14T22:04:32,2026-09-14T22:05:00,28.2
123,2,322,2026-09-14T22:05:00,2026-09-14T22:05:08,7.9
124,2,326,2026-09-14T22:05:08,2026-09-14T22:05:19,10.9
125,2,332,2026-09-14T22:05:26,2026-09-14T22:05:33,6.7
126,1,329,2026-09-14T22:05:26,2026-09-14T22:06:02,35.9
127,2,336,2026-09-14T22:05:28,2026-09-14T22:06:05,36.3
128,1,306,2026-09-14T22:04:05,2026-09-14T22:06:11,126.1
129,1,343,2026-09-14T22:06:14,2026-09-14T22:06:20,6.4
130,1,305,2026-09-14T22:04:05,2026-09-14T22:06:24,139.7
131,1,345,2026-09-14T22:06:15,2026-09-14T22:06:28,12.8
132,2,342,2026-09-14T22:06:11,2026-09-14T22:06:32,21.1
133,2,282,2026-09-14T22:02:20,2026-09-14T22:06:37,257.5
134,2,328,2026-09-14T22:05:25,2026-09-14T22:06:43,78.5
135,2,350,2026-09-14T22:06:28,2026-09-14T22:06:50,22.5
136,2,350,2026-09-14T22:06:52,2026-09-14T22:07:01,8.4
137,2,358,2026-09-14T22:06:53,2026-09-14T22:07:02,9.1
138,2,364,2026-09-14T22:07:05,2026-09-14T22:07:15,10.2
139,1,374,2026-09-14T22:07:28,2026-09-14T22:07:34,6.2
140,2,356,2026-09-14T22:06:46,2026-09-14T22:07:48,62.3
141,2,379,2026-09-14T22:07:49,2026-09-14T22:07:56,7.3
142,2,368,2026-09-14T22:07:20,2026-09-14T22:08:03,42.6
143,2,366,2026-09-14T22:07:07,2026-09-14T22:08:11,63.1
144,2,368,2026-09-14T22:08:05,2026-09-14T22:08:11,6.1
145,1,337,2026-09-14T22:06:00,2026-09-14T22:08:22,141.8
146,1,347,2026-09-14T22:06:23,2026-09-14T22:08:27,123.9
147,1,384,2026-09-14T22:08:01,2026-09-14T22:08:27,25.2
148,2,377,2026-09-14T22:07:39,2026-09-14T22:08:31,51.1
149,1,1,2026-09-14T22:08:25,2026-09-14T22:08:32,7.1
150,2,386,2026-09-14T22:08:15,2026-09-14T22:08:35,20.1
151,2,399,2026-09-14T22:08:42,2026-09-14T22:08:51,9.2
152,2,400,2026-09-14T22:08:42,2026-09-14T22:08:58,15.4
153,2,389,2026-09-14T22:08:16,2026-09-14T22:09:16,59.9
154,2,403,2026-09-14T22:09:26,2026-09-14T22:09:35,8.9
155,2,400,2026-09-14T22:08:59,2026-09-14T22:09:36,36.9
156,1,1,2026-09-14T22:09:30,2026-09-14T22:09:38,7.1
157,2,405,2026-09-14T22:09:32,2026-09-14T22:09:44,11.4
158,1,383,2026-09-14T22:08:00,2026-09-14T22:09:52,111.9
159,1,392,2026-09-14T22:08:22,2026-09-14T22:09:52,90.3
160,2,413,2026-09-14T22:09:47,2026-09-14T22:09:53,5.4
161,1,416,2026-09-14T22:09:53,2026-09-14T22:09:59,6.1
162,1,410,2026-09-14T22:09:47,2026-09-14T22:10:05,17.7
163,1,418,2026-09-14T22:09:54,2026-09-14T22:10:05,11.2
164,2,409,2026-09-14T22:09:46,2026-09-14T22:10:06,19.9
165,1,1,2026-09-14T22:10:30,2026-09-14T22:10:36,6.3
166,2,420,2026-09-14T22:09:57,2026-09-14T22:10:44,47.3
167,2,389,2026-09-14T22:09:18,2026-09-14T22:10:45,87.5
168,2,428,2026-09-14T22:10:43,2026-09-14T22:10:48,5.2
169,2,427,2026-09-14T22:10:43,2026-09-14T22:10:58,15.0
170,2,428,2026-09-14T22:10:51,2026-09-14T22:11:00,9.0
171,2,428,2026-09-14T22:11:04,2026-09-14T22:11:10,5.9
172,2,433,2026-09-14T22:11:06,2026-09-14T22:11:12,5.8
173,1,1,2026-09-14T22:11:14,2026-09-14T22:11:19,5.4
174,2,439,2026-09-14T22:11:18,2026-09-14T22:11:25,7.2
175,2,444,2026-09-14T22:11:24,2026-09-14T22:11:30,5.7
176,2,441,2026-09-14T22:11:20,2026-09-14T22:11:42,21.8
177,1,454,2026-09-14T22:11:43,2026-09-14T22:11:49,5.6
178,1,454,2026-09-14T22:11:50,2026-09-14T22:11:59,9.7
179,2,463,2026-09-14T22:12:12,2026-09-14T22:12:23,10.8
180,1,462,2026-09-14T22:12:04,2026-09-14T22:12:33,29.6
181,2,465,2026-09-14T22:12:32,2026-09-14T22:12:39,7.2
182,2,468,2026-09-14T22:12:40,2026-09-14T22:12:53,12.8
183,2,474,2026-09-14T22:13:02,2026-09-14T22:13:08,6.0
184,1,475,2026-09-14T22:13:02,2026-09-14T22:13:31,28.4
185,2,478,2026-09-14T22:13:04,2026-09-14T22:13:32,28.6
186,1,453,2026-09-14T22:11:43,2026-09-14T22:13:38,115.2
187,1,488,2026-09-14T22:13:41,2026-09-14T22:13:46,5.9
188,1,452,2026-09-14T22:11:43,2026-09-14T22:13:52,129.0
189,1,490,2026-09-14T22:13:42,2026-09-14T22:13:55,13.3
190,2,485,2026-09-14T22:13:37,2026-09-14T22:13:58,20.6
191,2,425,2026-09-14T22:10:14,2026-09-14T22:14:03,229.0
192,2,471,2026-09-14T22:12:59,2026-09-14T22:14:07,67.8
193,2,493,2026-09-14T22:13:53,2026-09-14T22:14:13,19.4
194,2,493,2026-09-14T22:14:15,2026-09-14T22:14:21,6.2
195,2,501,2026-09-14T22:14:15,2026-09-14T22:14:21,6.3
196,2,507,2026-09-14T22:14:23,2026-09-14T22:14:33,10.8
197,1,518,2026-09-14T22:14:40,2026-09-14T22:14:45,4.8
198,2,499,2026-09-14T22:14:09,2026-09-14T22:14:56,47.0
199,2,523,2026-09-14T22:14:57,2026-09-14T22:15:04,6.2
200,2,512,2026-09-14T22:14:37,2026-09-14T22:15:09,32.1
201,2,509,2026-09-14T22:14:27,2026-09-14T22:15:15,48.6
202,2,512,2026-09-14T22:15:11,2026-09-14T22:15:15,4.8
203,1,482,2026-09-14T22:13:30,2026-09-14T22:15:26,116.0
204,1,492,2026-09-14T22:13:49,2026-09-14T22:15:30,100.5
205,1,528,2026-09-14T22:15:08,2026-09-14T22:15:30,22.2
206,2,521,2026-09-14T22:14:49,2026-09-14T22:15:34,45.1
207,1,1,2026-09-14T22:15:28,2026-09-14T22:15:35,6.8
208,2,530,2026-09-14T22:15:19,2026-09-14T22:15:38,19.1
209,2,543,2026-09-14T22:15:44,2026-09-14T22:15:52,7.9
210,2,544,2026-09-14T22:15:45,2026-09-14T22:15:58,13.6
211,2,533,2026-09-14T22:15:20,2026-09-14T22:16:14,53.7
212,2,547,2026-09-14T22:16:22,2026-09-14T22:16:30,7.5
213,2,544,2026-09-14T22:15:59,2026-09-14T22:16:30,30.8
214,1,1,2026-09-14T22:16:26,2026-09-14T22:16:32,6.0
215,2,549,2026-09-14T22:16:28,2026-09-14T22:16:37,9.3
216,1,527,2026-09-14T22:15:07,2026-09-14T22:16:44,97.2
217,1,536,2026-09-14T22:15:25,2026-09-14T22:16:44,78.7
218,2,557,2026-09-14T22:16:40,2026-09-14T22:16:45,5.3
219,1,560,2026-09-14T22:16:45,2026-09-14T22:16:50,5.2
220,1,554,2026-09-14T22:16:39,2026-09-14T22:16:56,16.6
221,1,562,2026-09-14T22:16:46,2026-09-14T22:16:56,10.1
222,2,553,2026-09-14T22:16:39,2026-09-14T22:16:57,18.4
223,1,1,2026-09-14T22:17:19,2026-09-14T22:17:25,5.9
224,2,564,2026-09-14T22:16:49,2026-09-14T22:17:33,44.2
225,2,533,2026-09-14T22:16:16,2026-09-14T22:17:34,78.5
226,2,572,2026-09-14T22:17:32,2026-09-14T22:17:37,4.8
227,2,571,2026-09-14T22:17:32,2026-09-14T22:17:44,11.6
228,2,572,2026-09-14T22:17:39,2026-09-14T22:17:45,5.8
229,2,572,2026-09-14T22:17:48,2026-09-14T22:17:53,4.8
230,2,577,2026-09-14T22:17:49,2026-09-14T22:17:55,6.0
231,1,1,2026-09-14T22:17:59,2026-09-14T22:18:05,6.2
232,2,583,2026-09-14T22:18:03,2026-09-14T22:18:12,8.1
233,2,588,2026-09-14T22:18:11,2026-09-14T22:18:17,6.2
234,2,585,2026-09-14T22:18:06,2026-09-14T22:18:32,26.0
235,1,598,2026-09-14T22:18:33,2026-09-14T22:18:39,5.5
236,1,598,2026-09-14T22:18:40,2026-09-14T22:18:50,10.7
237,2,607,2026-09-14T22:19:06,2026-09-14T22:19:11,4.8
238,1,606,2026-09-14T22:18:55,2026-09-14T22:19:19,23.7
239,2,609,2026-09-14T22:19:19,2026-09-14T22:19:25,6.9
240,2,613,2026-09-14T22:19:26,2026-09-14T22:19:35,9.4
241,2,618,2026-09-14T22:19:43,2026-09-14T22:19:48,5.4
242,1,619,2026-09-14T22:19:43,2026-09-14T22:20:11,28.6
243,2,623,2026-09-14T22:19:44,2026-09-14T22:20:13,28.5
244,1,597,2026-09-14T22:18:33,2026-09-14T22:20:18,105.2
245,1,632,2026-09-14T22:20:21,2026-09-14T22:20:26,5.1
246,1,596,2026-09-14T22:18:33,2026-09-14T22:20:30,117.0
247,1,634,2026-09-14T22:20:22,2026-09-14T22:20:33,11.0
248,2,629,2026-09-14T22:20:17,2026-09-14T22:20:36,18.6
249,2,569,2026-09-14T22:17:04,2026-09-14T22:20:41,217.1
250,2,615,2026-09-14T22:19:41,2026-09-14T22:20:46,65.0
251,2,637,2026-09-14T22:20:32,2026-09-14T22:20:52,20.0
252,2,637,2026-09-14T22:20:54,2026-09-14T22:21:00,6.3
253,2,645,2026-09-14T22:20:54,2026-09-14T22:21:01,6.4
254,2,651,2026-09-14T22:21:02,2026-09-14T22:21:10,7.4
255,1,662,2026-09-14T22:21:16,2026-09-14T22:21:21,4.7
256,2,643,2026-09-14T22:20:48,2026-09-14T22:21:32,44.4
257,2,667,2026-09-14T22:21:33,2026-09-14T22:21:40,7.0
258,2,657,2026-09-14T22:21:13,2026-09-14T22:21:45,32.6
259,2,653,2026-09-14T22:21:04,2026-09-14T22:21:52,48.0
260,2,657,2026-09-14T22:21:47,2026-09-14T22:21:52,4.9
261,1,626,2026-09-14T22:20:10,2026-09-14T22:22:02,112.0
262,1,636,2026-09-14T22:20:28,2026-09-14T22:22:06,97.8
263,1,672,2026-09-14T22:21:44,2026-09-14T22:22:06,22.1
264,2,665,2026-09-14T22:21:25,2026-09-14T22:22:10,45.1
265,1,1,2026-09-14T22:22:04,2026-09-14T22:22:11,6.2
266,2,674,2026-09-14T22:21:56,2026-09-14T22:22:14,18.0
267,2,687,2026-09-14T22:22:21,2026-09-14T22:22:30,8.9
268,2,689,2026-09-14T22:22:22,2026-09-14T22:22:36,14.4
269,2,677,2026-09-14T22:21:57,2026-09-14T22:22:52,54.6
270,2,691,2026-09-14T22:23:01,2026-09-14T22:23:09,7.8
271,2,689,2026-09-14T22:22:37,2026-09-14T22:23:09,32.0
272,1,1,2026-09-14T22:23:04,2026-09-14T22:23:10,6.4
273,2,693,2026-09-14T22:23:06,2026-09-14T22:23:16,9.6
274,1,670,2026-09-14T22:21:43,2026-09-14T22:23:23,99.6
275,1,680,2026-09-14T22:22:02,2026-09-14T22:23:23,81.0
276,2,701,2026-09-14T22:23:19,2026-09-14T22:23:25,5.8
277,1,704,2026-09-14T22:23:24,2026-09-14T22:23:29,5.2
278,1,698,2026-09-14T22:23:18,2026-09-14T22:23:35,17.5
279,1,706,2026-09-14T22:23:25,2026-09-14T22:23:35,10.6
280,2,697,2026-09-14T22:23:18,2026-09-14T22:23:37,19.4
281,1,1,2026-09-14T22:23:59,2026-09-14T22:24:05,5.4
282,2,709,2026-09-14T22:23:28,2026-09-14T22:24:13,45.0
283,2,677,2026-09-14T22:22:53,2026-09-14T22:24:14,81.3
284,2,716,2026-09-14T22:24:12,2026-09-14T22:24:17,4.8
285,2,715,2026-09-14T22:24:12,2026-09-14T22:24:24,11.7
286,2,716,2026-09-14T22:24:19,2026-09-14T22:24:25,5.6
287,2,716,2026-09-14T22:24:28,2026-09-14T22:24:33,5.2
288,2,721,2026-09-14T22:24:29,2026-09-14T22:24:36,6.6
289,1,1,2026-09-14T22:24:38,2026-09-14T22:24:44,6.3
290,2,727,2026-09-14T22:24:43,2026-09-14T22:24:51,8.1
291,2,733,2026-09-14T22:24:50,2026-09-14T22:24:57,6.2
292,2,729,2026-09-14T22:24:46,2026-09-14T22:25:11,25.1
293,1,742,2026-09-14T22:25:11,2026-09-14T22:25:17,5.5
294,1,742,2026-09-14T22:25:18,2026-09-14T22:25:29,11.0
295,2,751,2026-09-14T22:25:43,2026-09-14T22:25:47,3.9
296,1,750,2026-09-14T22:25:34,2026-09-14T22:25:54,20.0
297,2,753,2026-09-14T22:25:54,2026-09-14T22:26:00,6.2
298,2,757,2026-09-14T22:26:01,2026-09-14T22:26:08,7.8
299,2,762,2026-09-14T22:26:14,2026-09-14T22:26:19,4.9
300,1,763,2026-09-14T22:26:14,2026-09-14T22:26:38,24.2
301,2,767,2026-09-14T22:26:15,2026-09-14T22:26:40,24.4
302,1,741,2026-09-14T22:25:11,2026-09-14T22:26:44,92.8
303,1,776,2026-09-14T22:26:46,2026-09-14T22:26:50,3.7
304,1,740,2026-09-14T22:25:11,2026-09-14T22:26:54,102.2
305,1,778,2026-09-14T22:26:47,2026-09-14T22:26:56,9.0
306,2,773,2026-09-14T22:26:43,2026-09-14T22:26:58,14.7
307,2,713,2026-09-14T22:23:44,2026-09-14T22:27:03,198.8
308,2,759,2026-09-14T22:26:13,2026-09-14T22:27:07,54.5
309,2,781,2026-09-14T22:26:55,2026-09-14T22:27:12,16.5
310,2,781,2026-09-14T22:27:13,2026-09-14T22:27:19,5.4
311,2,789,2026-09-14T22:27:14,2026-09-14T22:27:19,5.4
312,2,795,2026-09-14T22:27:20,2026-09-14T22:27:26,6.1
313,1,806,2026-09-14T22:27:31,2026-09-14T22:27:35,3.8
314,2,787,2026-09-14T22:27:09,2026-09-14T22:27:44,34.8
315,2,811,2026-09-14T22:27:44,2026-09-14T22:27:49,5.1
316,2,801,2026-09-14T22:27:28,2026-09-14T22:27:53,24.7
317,2,797,2026-09-14T22:27:22,2026-09-14T22:27:58,36.6
318,2,801,2026-09-14T22:27:54,2026-09-14T22:27:58,3.8
319,1,770,2026-09-14T22:26:37,2026-09-14T22:28:06,88.5
320,1,780,2026-09-14T22:26:52,2026-09-14T22:28:09,76.9
321,1,816,2026-09-14T22:27:52,2026-09-14T22:28:09,16.8
322,2,809,2026-09-14T22:27:38,2026-09-14T22:28:12,33.7
323,1,1,2026-09-14T22:28:08,2026-09-14T22:28:12,4.8
324,2,818,2026-09-14T22:28:01,2026-09-14T22:28:15,13.7
325,2,831,2026-09-14T22:28:20,2026-09-14T22:28:26,5.9
326,2,833,2026-09-14T22:28:21,2026-09-14T22:28:31,9.8
327,2,821,2026-09-14T22:28:02,2026-09-14T22:28:42,39.7
328,2,835,2026-09-14T22:28:48,2026-09-14T22:28:53,5.7
329,2,833,2026-09-14T22:28:31,2026-09-14T22:28:53,22.1
330,1,1,2026-09-14T22:28:50,2026-09-14T22:28:54,4.3
331,2,837,2026-09-14T22:28:52,2026-09-14T22:28:59,7.0
332,1,814,2026-09-14T22:27:52,2026-09-14T22:29:03,71.8
333,1,824,2026-09-14T22:28:06,2026-09-14T22:29:03,57.8
334,2,845,2026-09-14T22:29:01,2026-09-14T22:29:04,3.4
335,1,848,2026-09-14T22:29:04,2026-09-14T22:29:07,3.6
336,1,842,2026-09-14T22:29:00,2026-09-14T22:29:11,11.0
337,1,850,2026-09-14T22:29:04,2026-09-14T22:29:11,6.9
338,2,841,2026-09-14T22:29:00,2026-09-14T22:29:12,12.3
339,1,1,2026-09-14T22:29:28,2026-09-14T22:29:32,4.0
340,2,853,2026-09-14T22:29:07,2026-09-14T22:29:38,31.4
341,2,821,2026-09-14T22:28:43,2026-09-14T22:29:39,56.1
342,2,860,2026-09-14T22:29:37,2026-09-14T22:29:41,3.5
343,2,859,2026-09-14T22:29:37,2026-09-14T22:29:46,8.5
344,2,860,2026-09-14T22:29:42,2026-09-14T22:29:47,4.1
345,2,860,2026-09-14T22:29:49,2026-09-14T22:29:52,3.8
346,2,865,2026-09-14T22:29:50,2026-09-14T22:29:54,4.4
347,1,1,2026-09-14T22:29:55,2026-09-14T22:30:00,4.4
348,2,871,2026-09-14T22:29:59,2026-09-14T22:30:05,6.1
349,2,877,2026-09-14T22:30:04,2026-09-14T22:30:09,4.5
350,2,873,2026-09-14T22:30:01,2026-09-14T22:30:19,18.3
351,1,886,2026-09-14T22:30:20,2026-09-14T22:30:23,3.8
352,1,886,2026-09-14T22:30:24,2026-09-14T22:30:31,7.3
353,2,895,2026-09-14T22:30:42,2026-09-14T22:30:46,3.6
354,1,894,2026-09-14T22:30:35,2026-09-14T22:30:52,17.1
355,2,897,2026-09-14T22:30:52,2026-09-14T22:30:56,4.6
356,2,901,2026-09-14T22:30:57,2026-09-14T22:31:03,6.7
357,2,906,2026-09-14T22:31:08,2026-09-14T22:31:12,3.9
358,1,907,2026-09-14T22:31:08,2026-09-14T22:31:28,19.6
359,2,911,2026-09-14T22:31:09,2026-09-14T22:31:29,19.6
360,1,885,2026-09-14T22:30:20,2026-09-14T22:31:33,73.4
361,1,920,2026-09-14T22:31:35,2026-09-14T22:31:38,3.4
362,1,884,2026-09-14T22:30:20,2026-09-14T22:31:41,81.2
363,1,922,2026-09-14T22:31:35,2026-09-14T22:31:43,7.4
364,2,917,2026-09-14T22:31:32,2026-09-14T22:31:45,12.3
365,2,857,2026-09-14T22:29:17,2026-09-14T22:31:48,151.0
366,2,903,2026-09-14T22:31:07,2026-09-14T22:31:52,44.6
367,2,925,2026-09-14T22:31:42,2026-09-14T22:31:55,13.3
368,2,925,2026-09-14T22:31:57,2026-09-14T22:32:01,4.3
369,2,933,2026-09-14T22:31:57,2026-09-14T22:32:01,4.2
370,2,939,2026-09-14T22:32:02,2026-09-14T22:32:08,5.4
371,1,950,2026-09-14T22:32:12,2026-09-14T22:32:16,3.4
372,2,931,2026-09-14T22:31:53,2026-09-14T22:32:24,31.2
373,2,955,2026-09-14T22:32:25,2026-09-14T22:32:29,4.4
374,2,945,2026-09-14T22:32:10,2026-09-14T22:32:32,22.5
375,2,941,2026-09-14T22:32:04,2026-09-14T22:32:37,33.5
376,2,945,2026-09-14T22:32:34,2026-09-14T22:32:37,3.4
377,1,914,2026-09-14T22:31:27,2026-09-14T22:32:44,76.8
378,1,924,2026-09-14T22:31:40,2026-09-14T22:32:47,67.0
379,1,960,2026-09-14T22:32:32,2026-09-14T22:32:47,15.1
380,2,953,2026-09-14T22:32:19,2026-09-14T22:32:49,30.5
381,1,1,2026-09-14T22:32:45,2026-09-14T22:32:50,4.3
382,2,962,2026-09-14T22:32:40,2026-09-14T22:32:52,12.3
383,2,975,2026-09-14T22:32:56,2026-09-14T22:33:02,5.6
384,2,977,2026-09-14T22:32:57,2026-09-14T22:33:06,9.5
385,2,965,2026-09-14T22:32:40,2026-09-14T22:33:17,36.4
386,2,979,2026-09-14T22:33:23,2026-09-14T22:33:28,5.3
387,2,977,2026-09-14T22:33:07,2026-09-14T22:33:28,21.4
388,1,1,2026-09-14T22:33:25,2026-09-14T22:33:29,4.2
389,2,981,2026-09-14T22:33:26,2026-09-14T22:33:33,6.7
390,1,958,2026-09-14T22:32:31,2026-09-14T22:33:38,66.5
391,1,968,2026-09-14T22:32:44,2026-09-14T22:33:38,54.0
392,2,989,2026-09-14T22:33:35,2026-09-14T22:33:38,3.3
393,1,992,2026-09-14T22:33:38,2026-09-14T22:33:41,3.5
394,1,986,2026-09-14T22:33:35,2026-09-14T22:33:45,10.6
395,1,994,2026-09-14T22:33:39,2026-09-14T22:33:45,6.6
396,2,985,2026-09-14T22:33:34,2026-09-14T22:33:46,12.0
397,1,1,2026-09-14T22:34:01,2026-09-14T22:34:05,3.9
398,2,997,2026-09-14T22:33:41,2026-09-14T22:34:11,30.5
399,2,965,2026-09-14T22:33:18,2026-09-14T22:34:12,54.1
400,2,1004,2026-09-14T22:34:11,2026-09-14T22:34:14,3.4
401,2,1003,2026-09-14T22:34:11,2026-09-14T22:34:19,8.3
402,2,1004,2026-09-14T22:34:16,2026-09-14T22:34:20,4.2
403,2,1004,2026-09-14T22:34:22,2026-09-14T22:34:26,3.9
404,2,1009,2026-09-14T22:34:23,2026-09-14T22:34:27,4.6
405,1,1,2026-09-14T22:34:29,2026-09-14T22:34:33,4.4
406,2,1015,2026-09-14T22:34:32,2026-09-14T22:34:38,6.0
407,2,1021,2026-09-14T22:34:38,2026-09-14T22:34:42,4.6
408,2,1017,2026-09-14T22:34:34,2026-09-14T22:34:53,18.2
409,1,1030,2026-09-14T22:34:53,2026-09-14T22:34:57,3.7
410,1,1030,2026-09-14T22:34:57,2026-09-14T22:35:05,7.2
411,2,1039,2026-09-14T22:35:15,2026-09-14T22:35:18,3.5
412,1,1038,2026-09-14T22:35:08,2026-09-14T22:35:25,16.7
413,2,1041,2026-09-14T22:35:24,2026-09-14T22:35:29,4.5
414,2,1045,2026-09-14T22:35:29,2026-09-14T22:35:36,6.6
415,2,1050,2026-09-14T22:35:40,2026-09-14T22:35:44,4.1
416,1,1051,2026-09-14T22:35:40,2026-09-14T22:36:00,20.1
417,2,1055,2026-09-14T22:35:42,2026-09-14T22:36:02,20.0
418,1,1029,2026-09-14T22:34:53,2026-09-14T22:36:05,72.4
419,1,1064,2026-09-14T22:36:07,2026-09-14T22:36:11,3.5
420,1,1028,2026-09-14T22:34:53,2026-09-14T22:36:13,80.4
421,1,1066,2026-09-14T22:36:08,2026-09-14T22:36:15,7.4
422,2,1061,2026-09-14T22:36:05,2026-09-14T22:36:17,12.3
423,2,1001,2026-09-14T22:33:51,2026-09-14T22:36:21,149.6
424,2,1047,2026-09-14T22:35:39,2026-09-14T22:36:24,44.7
425,2,1069,2026-09-14T22:36:15,2026-09-14T22:36:28,13.0
426,2,1069,2026-09-14T22:36:29,2026-09-14T22:36:33,4.1
427,2,1077,2026-09-14T22:36:29,2026-09-14T22:36:34,4.1
428,2,1083,2026-09-14T22:36:34,2026-09-14T22:36:40,5.4
429,1,1094,2026-09-14T22:36:44,2026-09-14T22:36:48,3.4
430,2,1075,2026-09-14T22:36:25,2026-09-14T22:36:56,30.7
431,2,1099,2026-09-14T22:36:56,2026-09-14T22:37:01,4.5
432,2,1089,2026-09-14T22:36:42,2026-09-14T22:37:04,22.4
433,2,1085,2026-09-14T22:36:36,2026-09-14T22:37:09,33.3
434,2,1089,2026-09-14T22:37:06,2026-09-14T22:37:09,3.4
435,1,1058,2026-09-14T22:36:00,2026-09-14T22:37:16,76.4
436,1,1068,2026-09-14T22:36:12,2026-09-14T22:37:19,66.6
437,1,1104,2026-09-14T22:37:03,2026-09-14T22:37:19,15.4
438,2,1097,2026-09-14T22:36:51,2026-09-14T22:37:22,30.6
439,1,1,2026-09-14T22:37:18,2026-09-14T22:37:22,4.4
440,2,1106,2026-09-14T22:37:12,2026-09-14T22:37:24,12.5
441,2,1119,2026-09-14T22:37:28,2026-09-14T22:37:34,5.5
442,2,1121,2026-09-14T22:37:29,2026-09-14T22:37:38,9.1
443,2,1109,2026-09-14T22:37:12,2026-09-14T22:37:48,35.8
444,2,1123,2026-09-14T22:37:54,2026-09-14T22:37:59,5.3
445,2,1121,2026-09-14T22:37:39,2026-09-14T22:37:59,20.9
446,1,1,2026-09-14T22:37:56,2026-09-14T22:38:00,4.2
447,2,1125,2026-09-14T22:37:58,2026-09-14T22:38:04,6.6
448,1,1102,2026-09-14T22:37:03,2026-09-14T22:38:09,66.2
449,1,1112,2026-09-14T22:37:16,2026-09-14T22:38:09,53.5
450,2,1133,2026-09-14T22:38:06,2026-09-14T22:38:10,3.5
451,1,1136,2026-09-14T22:38:10,2026-09-14T22:38:13,3.6
452,1,1130,2026-09-14T22:38:06,2026-09-14T22:38:17,11.1
453,1,1138,2026-09-14T22:38:10,2026-09-14T22:38:17,6.8
454,2,1129,2026-09-14T22:38:06,2026-09-14T22:38:18,12.4
455,1,1,2026-09-14T22:38:34,2026-09-14T22:38:38,3.9
456,2,1141,2026-09-14T22:38:12,2026-09-14T22:38:43,31.0
457,2,1109,2026-09-14T22:37:49,2026-09-14T22:38:44,54.9
458,2,1148,2026-09-14T22:38:43,2026-09-14T22:38:46,3.3
459,2,1147,2026-09-14T22:38:43,2026-09-14T22:38:51,8.3
460,2,1148,2026-09-14T22:38:48,2026-09-14T22:38:52,4.2
461,2,1148,2026-09-14T22:38:54,2026-09-14T22:38:58,3.8
462,2,1153,2026-09-14T22:38:55,2026-09-14T22:38:59,4.5
463,1,1,2026-09-14T22:39:01,2026-09-14T22:39:05,4.5
464,2,1159,2026-09-14T22:39:04,2026-09-14T22:39:10,5.9
465,2,1165,2026-09-14T22:39:10,2026-09-14T22:39:14,4.6
466,2,1161,2026-09-14T22:39:06,2026-09-14T22:39:25,18.5
467,1,1174,2026-09-14T22:39:25,2026-09-14T22:39:29,3.9
468,1,1174,2026-09-14T22:39:30,2026-09-14T22:39:37,7.3
469,2,1183,2026-09-14T22:39:48,2026-09-14T22:39:51,3.7
470,1,1182,2026-09-14T22:39:40,2026-09-14T22:39:58,17.1
471,2,1185,2026-09-14T22:39:57,2026-09-14T22:40:02,4.4
472,2,1189,2026-09-14T22:40:02,2026-09-14T22:40:08,6.5
473,2,1194,2026-09-14T22:40:13,2026-09-14T22:40:18,4.3
474,1,1195,2026-09-14T22:40:13,2026-09-14T22:40:35,21.2
475,2,1199,2026-09-14T22:40:15,2026-09-14T22:40:36,21.2
476,1,1173,2026-09-14T22:39:25,2026-09-14T22:40:40,74.6
477,1,1208,2026-09-14T22:40:42,2026-09-14T22:40:46,3.9
478,1,1172,2026-09-14T22:39:25,2026-09-14T22:40:48,83.0
479,1,1210,2026-09-14T22:40:42,2026-09-14T22:40:50,7.7
480,2,1205,2026-09-14T22:40:39,2026-09-14T22:40:52,12.7
481,2,1145,2026-09-14T22:38:23,2026-09-14T22:40:56,152.8
482,2,1191,2026-09-14T22:40:12,2026-09-14T22:40:59,47.1
483,2,1213,2026-09-14T22:40:49,2026-09-14T22:41:03,13.5
484,2,1213,2026-09-14T22:41:05,2026-09-14T22:41:09,4.7
485,2,1221,2026-09-14T22:41:05,2026-09-14T22:41:10,4.7
486,2,1227,2026-09-14T22:41:10,2026-09-14T22:41:16,5.5
487,1,1238,2026-09-14T22:41:21,2026-09-14T22:41:24,3.4
488,2,1219,2026-09-14T22:41:01,2026-09-14T22:41:32,31.7
489,2,1243,2026-09-14T22:41:33,2026-09-14T22:41:37,4.4
490,2,1233,2026-09-14T22:41:18,2026-09-14T22:41:41,22.6
491,2,1229,2026-09-14T22:41:12,2026-09-14T22:41:45,33.6
492,2,1233,2026-09-14T22:41:42,2026-09-14T22:41:45,3.5
493,1,1202,2026-09-14T22:40:34,2026-09-14T22:41:53,79.3
494,1,1212,2026-09-14T22:40:47,2026-09-14T22:41:56,69.3
495,1,1248,2026-09-14T22:41:40,2026-09-14T22:41:56,16.5
496,2,1241,2026-09-14T22:41:27,2026-09-14T22:41:59,32.1
497,1,1,2026-09-14T22:41:55,2026-09-14T22:42:00,4.6
498,2,1250,2026-09-14T22:41:48,2026-09-14T22:42:02,14.4
1,2,13,2026-09-15T20:50:42,2026-09-15T20:51:19,37.1
2,2,3,2026-09-15T20:50:10,2026-09-15T20:52:28,138.6
3,1,19,2026-09-15T20:52:29,2026-09-15T20:52:50,20.7
4,1,19,2026-09-15T20:52:56,2026-09-15T20:53:15,19.2
5,2,32,2026-09-15T20:53:49,2026-09-15T20:54:14,25.4
6,1,29,2026-09-15T20:53:34,2026-09-15T20:54:52,78.3
7,2,33,2026-09-15T20:54:51,2026-09-15T20:55:21,30.8
8,2,37,2026-09-15T20:55:24,2026-09-15T20:56:00,36.6
9,2,43,2026-09-15T20:56:24,2026-09-15T20:56:46,21.4
10,1,42,2026-09-15T20:56:24,2026-09-15T20:58:33,129.3
11,2,47,2026-09-15T20:56:32,2026-09-15T20:58:40,128.7
12,1,18,2026-09-15T20:52:29,2026-09-15T20:58:57,387.6
13,1,56,2026-09-15T20:59:07,2026-09-15T20:59:30,22.6
14,1,17,2026-09-15T20:52:29,2026-09-15T20:59:48,439.1
15,1,58,2026-09-15T20:59:12,2026-09-15T21:00:00,48.7
16,2,53,2026-09-15T20:58:53,2026-09-15T21:00:10,77.3
17,2,4,2026-09-15T20:50:10,2026-09-15T21:00:28,618.6
18,2,39,2026-09-15T20:56:19,2026-09-15T21:00:34,255.7
19,2,61,2026-09-15T20:59:55,2026-09-15T21:00:42,47.3
20,2,61,2026-09-15T21:00:44,2026-09-15T21:00:52,7.8
21,2,69,2026-09-15T21:00:45,2026-09-15T21:00:53,8.1
22,2,75,2026-09-15T21:00:55,2026-09-15T21:01:05,10.4
23,1,86,2026-09-15T21:01:14,2026-09-15T21:01:20,6.4
24,2,67,2026-09-15T21:00:37,2026-09-15T21:01:37,59.9
25,2,91,2026-09-15T21:01:38,2026-09-15T21:01:47,8.9
26,2,81,2026-09-15T21:01:10,2026-09-15T21:01:55,45.0
27,2,77,2026-09-15T21:00:57,2026-09-15T21:02:12,74.7
28,2,81,2026-09-15T21:02:01,2026-09-15T21:02:12,10.6
29,1,50,2026-09-15T20:58:28,2026-09-15T21:02:30,241.9
30,1,60,2026-09-15T20:59:40,2026-09-15T21:02:37,176.7
31,1,96,2026-09-15T21:01:52,2026-09-15T21:02:37,44.6
32,2,89,2026-09-15T21:01:26,2026-09-15T21:02:43,77.2
33,1,5,2026-09-15T21:02:34,2026-09-15T21:02:45,10.9
34,2,98,2026-09-15T21:02:18,2026-09-15T21:02:50,32.3
35,2,111,2026-09-15T21:03:00,2026-09-15T21:03:15,14.8
36,2,112,2026-09-15T21:03:01,2026-09-15T21:03:24,22.7
37,2,101,2026-09-15T21:02:20,2026-09-15T21:03:49,89.3
38,2,115,2026-09-15T21:04:03,2026-09-15T21:04:20,16.5
39,2,112,2026-09-15T21:03:26,2026-09-15T21:04:20,54.4
40,1,5,2026-09-15T21:04:10,2026-09-15T21:04:23,12.8
41,2,117,2026-09-15T21:04:14,2026-09-15T21:04:35,20.1
42,1,94,2026-09-15T21:01:52,2026-09-15T21:04:46,174.0
43,1,104,2026-09-15T21:02:30,2026-09-15T21:04:46,135.9
44,2,125,2026-09-15T21:04:39,2026-09-15T21:04:47,7.8
45,1,128,2026-09-15T21:04:46,2026-09-15T21:04:55,8.9
46,1,122,2026-09-15T21:04:39,2026-09-15T21:05:05,26.7
47,1,130,2026-09-15T21:04:48,2026-09-15T21:05:05,17.0
48,2,121,2026-09-15T21:04:38,2026-09-15T21:05:08,30.1
49,1,5,2026-09-15T21:05:40,2026-09-15T21:05:47,7.5
50,2,132,2026-09-15T21:04:53,2026-09-15T21:05:58,65.5
51,2,101,2026-09-15T21:03:52,2026-09-15T21:06:00,128.6
52,2,140,2026-09-15T21:05:57,2026-09-15T21:06:04,6.7
53,2,139,2026-09-15T21:05:57,2026-09-15T21:06:13,16.0
54,2,140,2026-09-15T21:06:07,2026-09-15T21:06:15,7.9
55,2,140,2026-09-15T21:06:19,2026-09-15T21:06:27,7.7
56,2,145,2026-09-15T21:06:22,2026-09-15T21:06:31,9.0
57,1,5,2026-09-15T21:06:34,2026-09-15T21:06:44,9.7
58,2,151,2026-09-15T21:06:42,2026-09-15T21:07:01,19.2
59,2,156,2026-09-15T21:06:59,2026-09-15T21:07:13,14.4
60,2,153,2026-09-15T21:06:46,2026-09-15T21:07:53,66.7
61,1,166,2026-09-15T21:07:55,2026-09-15T21:08:06,11.6
62,1,166,2026-09-15T21:08:09,2026-09-15T21:08:21,12.5
63,2,175,2026-09-15T21:08:43,2026-09-15T21:08:49,6.1
64,1,174,2026-09-15T21:08:27,2026-09-15T21:09:00,32.4
65,2,177,2026-09-15T21:08:59,2026-09-15T21:09:10,11.5
66,2,181,2026-09-15T21:09:11,2026-09-15T21:09:44,33.5
67,2,186,2026-09-15T21:09:52,2026-09-15T21:10:03,10.8
68,1,187,2026-09-15T21:09:52,2026-09-15T21:10:48,55.3
69,2,191,2026-09-15T21:09:57,2026-09-15T21:10:51,54.1
70,1,165,2026-09-15T21:07:55,2026-09-15T21:11:06,191.3
71,1,200,2026-09-15T21:11:11,2026-09-15T21:11:23,11.5
72,1,164,2026-09-15T21:07:55,2026-09-15T21:11:31,216.6
73,1,202,2026-09-15T21:11:15,2026-09-15T21:11:36,21.1
74,2,197,2026-09-15T21:11:03,2026-09-15T21:11:42,38.9
75,2,137,2026-09-15T21:05:18,2026-09-15T21:11:50,391.9
76,2,183,2026-09-15T21:09:50,2026-09-15T21:12:00,129.7
77,2,205,2026-09-15T21:11:34,2026-09-15T21:12:13,38.7
78,2,205,2026-09-15T21:12:18,2026-09-15T21:12:34,15.8
79,2,213,2026-09-15T21:12:20,2026-09-15T21:12:36,16.1
80,2,219,2026-09-15T21:12:39,2026-09-15T21:12:59,20.3
81,1,230,2026-09-15T21:13:13,2026-09-15T21:13:25,12.3
82,2,211,2026-09-15T21:12:04,2026-09-15T21:13:54,109.9
83,2,235,2026-09-15T21:13:56,2026-09-15T21:14:15,18.5
84,2,225,2026-09-15T21:13:05,2026-09-15T21:14:29,83.7
85,2,221,2026-09-15T21:12:45,2026-09-15T21:14:46,120.6
86,2,225,2026-09-15T21:14:33,2026-09-15T21:14:46,12.5
87,1,194,2026-09-15T21:10:45,2026-09-15T21:15:12,266.9
88,1,204,2026-09-15T21:11:27,2026-09-15T21:15:23,235.2
89,1,240,2026-09-15T21:14:26,2026-09-15T21:15:23,56.7
90,2,233,2026-09-15T21:13:36,2026-09-15T21:15:31,115.4
91,1,5,2026-09-15T21:15:19,2026-09-15T21:15:34,15.0
92,2,242,2026-09-15T21:14:56,2026-09-15T21:15:40,44.4
93,2,255,2026-09-15T21:15:56,2026-09-15T21:16:19,23.5
94,2,256,2026-09-15T21:15:57,2026-09-15T21:16:35,38.0
95,2,245,2026-09-15T21:14:58,2026-09-15T21:17:20,142.1
96,2,259,2026-09-15T21:17:47,2026-09-15T21:18:03,16.2
97,2,256,2026-09-15T21:16:37,2026-09-15T21:18:04,86.6
98,1,5,2026-09-15T21:17:54,2026-09-15T21:18:07,12.9
99,2,261,2026-09-15T21:17:58,2026-09-15T21:18:20,21.7
100,1,238,2026-09-15T21:14:24,2026-09-15T21:18:35,250.5
101,1,248,2026-09-15T21:15:12,2026-09-15T21:18:35,203.1
102,2,269,2026-09-15T21:18:26,2026-09-15T21:18:36,10.5
103,1,272,2026-09-15T21:18:36,2026-09-15T21:18:46,10.0
104,1,266,2026-09-15T21:18:25,2026-09-15T21:18:57,31.7
105,1,274,2026-09-15T21:18:37,2026-09-15T21:18:57,19.4
106,2,265,2026-09-15T21:18:24,2026-09-15T21:19:00,36.4
107,1,5,2026-09-15T21:19:44,2026-09-15T21:19:56,12.1
108,2,276,2026-09-15T21:18:43,2026-09-15T21:20:16,93.3
109,2,245,2026-09-15T21:17:26,2026-09-15T21:20:19,173.3
110,2,284,2026-09-15T21:20:15,2026-09-15T21:20:25,9.6
111,2,283,2026-09-15T21:20:15,2026-09-15T21:20:39,24.5
112,2,284,2026-09-15T21:20:29,2026-09-15T21:20:43,13.5
1,2,14,2026-09-15T23:47:58,2026-09-15T23:48:13,15.4
2,2,7,2026-09-15T23:47:38,2026-09-15T23:48:51,73.2
3,1,19,2026-09-15T23:48:51,2026-09-15T23:49:06,14.5
4,1,19,2026-09-15T23:49:09,2026-09-15T23:49:35,25.8
5,2,32,2026-09-15T23:50:05,2026-09-15T23:50:15,9.9
6,1,29,2026-09-15T23:49:44,2026-09-15T23:50:32,47.7
7,2,34,2026-09-15T23:50:32,2026-09-15T23:50:45,13.2
8,2,38,2026-09-15T23:50:46,2026-09-15T23:51:04,18.9
9,2,44,2026-09-15T23:51:18,2026-09-15T23:51:29,11.3
10,1,41,2026-09-15T23:51:17,2026-09-15T23:52:21,63.7
11,2,48,2026-09-15T23:51:22,2026-09-15T23:52:27,65.9
12,1,18,2026-09-15T23:48:51,2026-09-15T23:52:42,231.1
13,1,55,2026-09-15T23:52:50,2026-09-15T23:53:07,16.8
14,1,17,2026-09-15T23:48:51,2026-09-15T23:53:20,268.5
15,1,57,2026-09-15T23:52:53,2026-09-15T23:53:32,39.1
16,2,54,2026-09-15T23:52:41,2026-09-15T23:53:42,60.8
17,2,8,2026-09-15T23:47:38,2026-09-15T23:53:55,377.1
18,2,40,2026-09-15T23:51:15,2026-09-15T23:54:08,173.1
19,2,62,2026-09-15T23:53:31,2026-09-15T23:54:23,52.7
20,2,62,2026-09-15T23:54:29,2026-09-15T23:54:44,15.4
21,2,69,2026-09-15T23:54:30,2026-09-15T23:54:46,15.5
22,2,75,2026-09-15T23:54:48,2026-09-15T23:55:03,15.2
23,1,86,2026-09-15T23:55:15,2026-09-15T23:55:33,18.0
24,2,68,2026-09-15T23:54:13,2026-09-15T23:56:11,118.1
25,2,91,2026-09-15T23:56:13,2026-09-15T23:56:31,18.0
26,2,81,2026-09-15T23:55:09,2026-09-15T23:56:46,96.1
27,2,77,2026-09-15T23:54:52,2026-09-15T23:57:06,133.7
28,2,81,2026-09-15T23:56:51,2026-09-15T23:57:06,14.2
29,1,49,2026-09-15T23:52:17,2026-09-15T23:57:41,323.6
30,1,59,2026-09-15T23:53:14,2026-09-15T23:57:55,281.1
31,1,96,2026-09-15T23:56:41,2026-09-15T23:57:55,74.6
32,2,89,2026-09-15T23:55:49,2026-09-15T23:58:07,137.3
33,1,1,2026-09-15T23:57:50,2026-09-15T23:58:08,17.8
34,2,99,2026-09-15T23:57:20,2026-09-15T23:58:17,57.8
35,2,111,2026-09-15T23:58:37,2026-09-15T23:58:53,16.5
36,2,113,2026-09-15T23:58:38,2026-09-15T23:59:07,29.8
37,2,101,2026-09-15T23:57:23,2026-09-15T23:59:48,144.5
38,2,115,2026-09-16T00:00:05,2026-09-16T00:00:27,21.7
39,2,113,2026-09-15T23:59:10,2026-09-16T00:00:28,77.4
40,1,1,2026-09-16T00:00:14,2026-09-16T00:00:31,17.1
41,2,117,2026-09-16T00:00:20,2026-09-16T00:00:48,28.2
42,1,94,2026-09-15T23:56:39,2026-09-16T00:01:10,271.2
43,1,104,2026-09-15T23:57:40,2026-09-16T00:01:10,209.9
44,2,125,2026-09-16T00:00:57,2026-09-16T00:01:14,17.4
45,1,128,2026-09-16T00:01:11,2026-09-16T00:01:29,17.8
46,1,122,2026-09-16T00:00:54,2026-09-16T00:01:47,52.8
47,1,130,2026-09-16T00:01:14,2026-09-16T00:01:47,32.9
48,2,121,2026-09-16T00:00:54,2026-09-16T00:01:52,57.6
49,1,1,2026-09-16T00:02:49,2026-09-16T00:03:01,11.8
50,2,133,2026-09-16T00:01:25,2026-09-16T00:03:20,115.1
51,2,101,2026-09-15T23:59:51,2026-09-16T00:03:24,212.3
52,2,142,2026-09-16T00:03:19,2026-09-16T00:03:32,12.7
53,2,141,2026-09-16T00:03:19,2026-09-16T00:03:51,32.2
54,2,142,2026-09-16T00:03:38,2026-09-16T00:03:54,16.3
55,2,142,2026-09-16T00:04:02,2026-09-16T00:04:21,18.5
56,2,146,2026-09-16T00:04:06,2026-09-16T00:04:28,21.8
57,1,1,2026-09-16T00:04:32,2026-09-16T00:04:51,19.1
58,2,152,2026-09-16T00:04:48,2026-09-16T00:05:15,26.3
59,2,158,2026-09-16T00:05:12,2026-09-16T00:05:35,22.5
60,2,154,2026-09-16T00:04:57,2026-09-16T00:06:14,76.4
61,1,163,2026-09-16T00:06:14,2026-09-16T00:06:25,10.6
62,1,163,2026-09-16T00:06:27,2026-09-16T00:06:47,19.8
63,2,176,2026-09-16T00:07:23,2026-09-16T00:07:36,12.4
64,1,173,2026-09-16T00:06:56,2026-09-16T00:07:54,58.0
65,2,178,2026-09-16T00:07:53,2026-09-16T00:08:11,17.7
66,2,182,2026-09-16T00:08:12,2026-09-16T00:08:35,22.2
67,2,188,2026-09-16T00:08:53,2026-09-16T00:09:08,14.8
68,1,185,2026-09-16T00:08:52,2026-09-16T00:10:17,85.5
69,2,192,2026-09-16T00:08:58,2026-09-16T00:10:27,88.8
70,1,162,2026-09-16T00:06:14,2026-09-16T00:10:42,267.8
71,1,200,2026-09-16T00:10:50,2026-09-16T00:11:04,14.0
72,1,161,2026-09-16T00:06:14,2026-09-16T00:11:12,298.0
73,1,202,2026-09-16T00:10:52,2026-09-16T00:11:18,26.1
74,2,197,2026-09-16T00:10:40,2026-09-16T00:11:26,45.3
75,2,138,2026-09-16T00:02:10,2026-09-16T00:11:40,569.4
76,2,184,2026-09-16T00:08:48,2026-09-16T00:11:52,183.6
77,2,205,2026-09-16T00:11:17,2026-09-16T00:12:06,49.0
78,2,205,2026-09-16T00:12:11,2026-09-16T00:12:26,15.9
79,2,213,2026-09-16T00:12:12,2026-09-16T00:12:28,15.8
80,2,219,2026-09-16T00:12:31,2026-09-16T00:12:50,19.9
81,1,230,2026-09-16T00:13:06,2026-09-16T00:13:18,12.7
82,2,211,2026-09-16T00:11:57,2026-09-16T00:13:45,108.6
83,2,235,2026-09-16T00:13:47,2026-09-16T00:14:05,17.4
84,2,225,2026-09-16T00:12:57,2026-09-16T00:14:19,82.1
85,2,221,2026-09-16T00:12:36,2026-09-16T00:14:41,125.1
86,2,225,2026-09-16T00:14:24,2026-09-16T00:14:41,17.3
87,1,194,2026-09-16T00:10:14,2026-09-16T00:15:11,297.8
88,1,204,2026-09-16T00:11:09,2026-09-16T00:15:24,255.8
89,1,240,2026-09-16T00:14:15,2026-09-16T00:15:24,69.9
90,2,233,2026-09-16T00:13:29,2026-09-16T00:15:39,130.1
91,1,1,2026-09-16T00:15:18,2026-09-16T00:15:40,21.4
92,2,243,2026-09-16T00:14:53,2026-09-16T00:15:51,58.0
93,2,256,2026-09-16T00:16:07,2026-09-16T00:16:32,24.4
94,2,258,2026-09-16T00:16:09,2026-09-16T00:16:55,45.4
95,2,245,2026-09-16T00:14:57,2026-09-16T00:17:33,156.0
96,2,260,2026-09-16T00:18:16,2026-09-16T00:18:38,22.2
97,2,258,2026-09-16T00:16:57,2026-09-16T00:18:39,101.3
98,1,1,2026-09-16T00:18:26,2026-09-16T00:18:40,14.2
99,2,262,2026-09-16T00:18:32,2026-09-16T00:18:52,20.7
100,1,238,2026-09-16T00:14:13,2026-09-16T00:19:03,290.3
101,1,247,2026-09-16T00:15:10,2026-09-16T00:19:03,233.0
102,2,270,2026-09-16T00:18:57,2026-09-16T00:19:06,9.2
103,1,271,2026-09-16T00:19:04,2026-09-16T00:19:13,9.3
104,1,263,2026-09-16T00:18:55,2026-09-16T00:19:31,35.4
105,1,273,2026-09-16T00:19:06,2026-09-16T00:19:31,24.7
106,2,268,2026-09-16T00:18:56,2026-09-16T00:19:37,41.4
107,1,1,2026-09-16T00:20:18,2026-09-16T00:20:30,11.4
108,2,278,2026-09-16T00:19:13,2026-09-16T00:20:47,94.0
109,2,245,2026-09-16T00:17:42,2026-09-16T00:20:49,187.7
110,2,286,2026-09-16T00:20:45,2026-09-16T00:20:54,9.2
111,2,285,2026-09-16T00:20:45,2026-09-16T00:21:08,22.8
112,2,286,2026-09-16T00:20:59,2026-09-16T00:21:10,11.3
113,2,286,2026-09-16T00:21:16,2026-09-16T00:21:26,10.4
114,2,290,2026-09-16T00:21:18,2026-09-16T00:21:31,12.6
115,1,1,2026-09-16T00:21:34,2026-09-16T00:21:47,13.4
116,2,296,2026-09-16T00:21:46,2026-09-16T00:22:03,17.4
117,2,302,2026-09-16T00:22:02,2026-09-16T00:22:17,15.5
118,2,298,2026-09-16T00:21:52,2026-09-16T00:22:47,54.8
119,1,307,2026-09-16T00:22:47,2026-09-16T00:22:57,10.1
120,1,307,2026-09-16T00:22:59,2026-09-16T00:23:19,20.0
121,2,320,2026-09-16T00:23:50,2026-09-16T00:24:00,9.9
122,1,317,2026-09-16T00:23:29,2026-09-16T00:24:16,46.6
123,2,322,2026-09-16T00:24:16,2026-09-16T00:24:29,13.1
124,2,326,2026-09-16T00:24:30,2026-09-16T00:24:48,18.4
125,2,332,2026-09-16T00:25:06,2026-09-16T00:25:18,11.6
126,1,329,2026-09-16T00:25:05,2026-09-16T00:26:18,73.3
127,2,336,2026-09-16T00:25:10,2026-09-16T00:26:25,74.7
128,1,306,2026-09-16T00:22:47,2026-09-16T00:26:36,229.9
129,1,343,2026-09-16T00:26:43,2026-09-16T00:26:54,10.9
130,1,305,2026-09-16T00:22:47,2026-09-16T00:27:04,257.7
131,1,345,2026-09-16T00:26:45,2026-09-16T00:27:10,25.2
132,2,342,2026-09-16T00:26:36,2026-09-16T00:27:21,45.4
133,2,282,2026-09-16T00:19:51,2026-09-16T00:27:30,459.6
134,2,328,2026-09-16T00:25:02,2026-09-16T00:27:38,155.9
135,2,350,2026-09-16T00:27:09,2026-09-16T00:27:48,38.7
136,2,350,2026-09-16T00:27:51,2026-09-16T00:28:01,10.3
137,2,358,2026-09-16T00:27:52,2026-09-16T00:28:02,10.3
138,2,364,2026-09-16T00:28:04,2026-09-16T00:28:17,12.8
139,1,373,2026-09-16T00:28:30,2026-09-16T00:28:38,7.8
140,2,356,2026-09-16T00:27:42,2026-09-16T00:28:59,77.5
141,2,380,2026-09-16T00:29:01,2026-09-16T00:29:11,10.4
142,2,370,2026-09-16T00:28:25,2026-09-16T00:29:20,55.0
143,2,366,2026-09-16T00:28:08,2026-09-16T00:29:32,84.4
144,2,370,2026-09-16T00:29:23,2026-09-16T00:29:32,9.1
145,1,337,2026-09-16T00:26:16,2026-09-16T00:29:47,211.6
146,1,347,2026-09-16T00:26:59,2026-09-16T00:29:54,174.7
147,1,383,2026-09-16T00:29:17,2026-09-16T00:29:54,37.7
148,2,378,2026-09-16T00:28:47,2026-09-16T00:30:01,74.0
149,1,1,2026-09-16T00:29:51,2026-09-16T00:30:02,10.2
150,2,388,2026-09-16T00:29:38,2026-09-16T00:30:08,29.8
151,2,400,2026-09-16T00:30:25,2026-09-16T00:30:39,14.0
152,2,402,2026-09-16T00:30:26,2026-09-16T00:30:50,23.7
153,2,390,2026-09-16T00:29:39,2026-09-16T00:31:15,95.1
154,2,404,2026-09-16T00:31:30,2026-09-16T00:31:43,13.0
155,2,402,2026-09-16T00:30:52,2026-09-16T00:31:43,51.9
156,1,1,2026-09-16T00:31:35,2026-09-16T00:31:45,10.2
157,2,406,2026-09-16T00:31:39,2026-09-16T00:31:56,16.8
158,1,381,2026-09-16T00:29:15,2026-09-16T00:32:06,170.7
159,1,391,2026-09-16T00:29:47,2026-09-16T00:32:06,139.5
160,2,414,2026-09-16T00:32:01,2026-09-16T00:32:09,8.0
161,1,415,2026-09-16T00:32:07,2026-09-16T00:32:16,8.8
162,1,407,2026-09-16T00:31:59,2026-09-16T00:32:29,30.2
163,1,417,2026-09-16T00:32:09,2026-09-16T00:32:29,20.5
164,2,412,2026-09-16T00:31:59,2026-09-16T00:32:33,33.9
165,1,1,2026-09-16T00:33:12,2026-09-16T00:33:21,9.8
166,2,422,2026-09-16T00:32:15,2026-09-16T00:33:37,81.6
167,2,390,2026-09-16T00:31:18,2026-09-16T00:33:39,140.9
168,2,430,2026-09-16T00:33:35,2026-09-16T00:33:43,8.1
169,2,429,2026-09-16T00:33:35,2026-09-16T00:33:55,19.9
170,2,430,2026-09-16T00:33:47,2026-09-16T00:33:57,9.7
171,2,430,2026-09-16T00:34:02,2026-09-16T00:34:11,9.0
172,2,434,2026-09-16T00:34:04,2026-09-16T00:34:15,10.8
173,1,1,2026-09-16T00:34:18,2026-09-16T00:34:29,10.9
174,2,440,2026-09-16T00:34:28,2026-09-16T00:34:42,14.1
175,2,446,2026-09-16T00:34:40,2026-09-16T00:34:52,11.5
176,2,442,2026-09-16T00:34:32,2026-09-16T00:35:19,46.9
1,2,13,2026-09-16T21:18:44,2026-09-16T21:18:53,9.1
2,2,3,2026-09-16T21:18:35,2026-09-16T21:19:18,42.8
3,1,22,2026-09-16T21:19:19,2026-09-16T21:19:30,10.8
4,1,22,2026-09-16T21:19:31,2026-09-16T21:19:54,22.5
5,2,31,2026-09-16T21:20:23,2026-09-16T21:20:33,10.5
6,1,30,2026-09-16T21:20:03,2026-09-16T21:20:51,48.3
7,2,33,2026-09-16T21:20:51,2026-09-16T21:21:03,12.6
8,2,37,2026-09-16T21:21:05,2026-09-16T21:21:23,18.6
9,2,43,2026-09-16T21:21:32,2026-09-16T21:21:40,7.9
10,1,42,2026-09-16T21:21:32,2026-09-16T21:22:12,39.5
11,2,47,2026-09-16T21:21:35,2026-09-16T21:22:15,39.7
12,1,21,2026-09-16T21:19:19,2026-09-16T21:22:23,184.6
13,1,56,2026-09-16T21:22:26,2026-09-16T21:22:33,6.8
14,1,20,2026-09-16T21:19:19,2026-09-16T21:22:39,200.3
15,1,58,2026-09-16T21:22:28,2026-09-16T21:22:43,15.1
16,2,53,2026-09-16T21:22:22,2026-09-16T21:22:47,24.9
17,2,4,2026-09-16T21:18:35,2026-09-16T21:22:54,258.6
18,2,39,2026-09-16T21:21:30,2026-09-16T21:23:01,90.6
19,2,61,2026-09-16T21:22:42,2026-09-16T21:23:08,26.0
20,2,61,2026-09-16T21:23:10,2026-09-16T21:23:17,7.3
21,2,69,2026-09-16T21:23:10,2026-09-16T21:23:18,7.6
22,2,75,2026-09-16T21:23:22,2026-09-16T21:23:33,11.1
23,1,86,2026-09-16T21:23:41,2026-09-16T21:23:48,6.6
24,2,67,2026-09-16T21:23:04,2026-09-16T21:24:04,59.9
25,2,91,2026-09-16T21:24:05,2026-09-16T21:24:13,8.5
26,2,81,2026-09-16T21:23:37,2026-09-16T21:24:20,43.3
27,2,77,2026-09-16T21:23:24,2026-09-16T21:24:35,71.1
28,2,81,2026-09-16T21:24:23,2026-09-16T21:24:35,12.5
29,1,50,2026-09-16T21:22:10,2026-09-16T21:25:03,173.0
30,1,60,2026-09-16T21:22:36,2026-09-16T21:25:13,156.1
31,1,96,2026-09-16T21:24:18,2026-09-16T21:25:13,54.1
32,2,89,2026-09-16T21:23:54,2026-09-16T21:25:21,86.3
33,1,5,2026-09-16T21:25:09,2026-09-16T21:25:22,12.7
34,2,99,2026-09-16T21:24:45,2026-09-16T21:25:28,42.9
35,2,111,2026-09-16T21:25:40,2026-09-16T21:25:54,14.7
36,2,113,2026-09-16T21:25:40,2026-09-16T21:26:03,22.3
37,2,101,2026-09-16T21:24:48,2026-09-16T21:26:28,99.8
38,2,115,2026-09-16T21:26:44,2026-09-16T21:27:00,16.1
39,2,113,2026-09-16T21:26:04,2026-09-16T21:27:01,56.7
40,1,5,2026-09-16T21:26:50,2026-09-16T21:27:03,12.9
41,2,117,2026-09-16T21:26:55,2026-09-16T21:27:16,21.1
42,1,94,2026-09-16T21:24:18,2026-09-16T21:27:34,196.2
43,1,104,2026-09-16T21:25:03,2026-09-16T21:27:34,150.8
44,2,125,2026-09-16T21:27:24,2026-09-16T21:27:38,13.7
45,1,128,2026-09-16T21:27:35,2026-09-16T21:27:46,11.4
46,1,122,2026-09-16T21:27:22,2026-09-16T21:27:58,36.0
47,1,130,2026-09-16T21:27:38,2026-09-16T21:27:58,20.0
48,2,121,2026-09-16T21:27:21,2026-09-16T21:28:03,41.1
49,1,5,2026-09-16T21:28:49,2026-09-16T21:29:00,11.0
50,2,133,2026-09-16T21:27:45,2026-09-16T21:29:16,91.8
51,2,101,2026-09-16T21:26:31,2026-09-16T21:29:19,168.1
52,2,140,2026-09-16T21:29:15,2026-09-16T21:29:24,9.4
53,2,139,2026-09-16T21:29:15,2026-09-16T21:29:38,23.0
54,2,140,2026-09-16T21:29:29,2026-09-16T21:29:40,11.3
55,2,140,2026-09-16T21:29:46,2026-09-16T21:30:00,14.3
56,2,145,2026-09-16T21:29:49,2026-09-16T21:30:05,15.9
57,1,5,2026-09-16T21:30:09,2026-09-16T21:30:22,13.2
58,2,151,2026-09-16T21:30:20,2026-09-16T21:30:36,16.2
1,2,13,2026-09-16T22:20:30,2026-09-16T22:20:39,8.7
2,2,7,2026-09-16T22:20:24,2026-09-16T22:21:00,36.9
3,1,22,2026-09-16T22:21:01,2026-09-16T22:21:09,7.5
4,1,22,2026-09-16T22:21:10,2026-09-16T22:21:25,14.5
5,2,31,2026-09-16T22:21:47,2026-09-16T22:21:54,7.8
6,1,30,2026-09-16T22:21:32,2026-09-16T22:22:06,34.2
7,2,33,2026-09-16T22:22:06,2026-09-16T22:22:15,9.1
8,2,38,2026-09-16T22:22:15,2026-09-16T22:22:28,12.3
9,2,44,2026-09-16T22:22:36,2026-09-16T22:22:44,7.6
10,1,41,2026-09-16T22:22:36,2026-09-16T22:23:13,37.3
11,2,48,2026-09-16T22:22:39,2026-09-16T22:23:17,37.5
12,1,21,2026-09-16T22:21:01,2026-09-16T22:23:23,141.9
13,1,55,2026-09-16T22:23:27,2026-09-16T22:23:34,6.9
14,1,20,2026-09-16T22:21:01,2026-09-16T22:23:39,158.1
15,1,57,2026-09-16T22:23:28,2026-09-16T22:23:43,14.9
16,2,54,2026-09-16T22:23:23,2026-09-16T22:23:47,24.5
17,2,8,2026-09-16T22:20:24,2026-09-16T22:23:53,209.8
18,2,40,2026-09-16T22:22:34,2026-09-16T22:23:59,85.1
19,2,62,2026-09-16T22:23:42,2026-09-16T22:24:07,24.3
20,2,62,2026-09-16T22:24:09,2026-09-16T22:24:17,7.9
21,2,70,2026-09-16T22:24:10,2026-09-16T22:24:18,7.9
22,2,76,2026-09-16T22:24:19,2026-09-16T22:24:30,10.2
23,1,85,2026-09-16T22:24:37,2026-09-16T22:24:43,6.2
24,2,68,2026-09-16T22:24:02,2026-09-16T22:24:59,57.0
25,2,92,2026-09-16T22:25:00,2026-09-16T22:25:09,8.9
26,2,82,2026-09-16T22:24:34,2026-09-16T22:25:16,41.9
27,2,78,2026-09-16T22:24:22,2026-09-16T22:25:24,61.6
28,2,82,2026-09-16T22:25:18,2026-09-16T22:25:24,6.2
29,1,49,2026-09-16T22:23:12,2026-09-16T22:25:36,144.4
30,1,59,2026-09-16T22:23:37,2026-09-16T22:25:42,125.0
31,1,95,2026-09-16T22:25:13,2026-09-16T22:25:42,28.6
32,2,90,2026-09-16T22:24:50,2026-09-16T22:25:47,57.5
33,1,1,2026-09-16T22:25:40,2026-09-16T22:25:48,8.1
34,2,100,2026-09-16T22:25:29,2026-09-16T22:25:52,23.4
35,2,112,2026-09-16T22:26:00,2026-09-16T22:26:10,10.1
36,2,114,2026-09-16T22:26:01,2026-09-16T22:26:18,17.3
37,2,102,2026-09-16T22:25:30,2026-09-16T22:26:38,67.3
38,2,116,2026-09-16T22:26:48,2026-09-16T22:26:59,10.3
39,2,114,2026-09-16T22:26:20,2026-09-16T22:26:59,39.2
40,1,1,2026-09-16T22:26:52,2026-09-16T22:27:00,8.3
41,2,118,2026-09-16T22:26:55,2026-09-16T22:27:08,13.2
42,1,93,2026-09-16T22:25:12,2026-09-16T22:27:17,124.8
43,1,103,2026-09-16T22:25:36,2026-09-16T22:27:17,100.9
44,2,126,2026-09-16T22:27:12,2026-09-16T22:27:19,6.6
45,1,127,2026-09-16T22:27:18,2026-09-16T22:27:25,7.0
46,1,119,2026-09-16T22:27:11,2026-09-16T22:27:32,21.1
47,1,129,2026-09-16T22:27:19,2026-09-16T22:27:32,13.2
48,2,124,2026-09-16T22:27:11,2026-09-16T22:27:35,24.0
49,1,1,2026-09-16T22:28:03,2026-09-16T22:28:11,7.8
50,2,134,2026-09-16T22:27:24,2026-09-16T22:28:23,58.9
51,2,102,2026-09-16T22:26:40,2026-09-16T22:28:24,104.5
52,2,142,2026-09-16T22:28:22,2026-09-16T22:28:28,6.5
53,2,141,2026-09-16T22:28:22,2026-09-16T22:28:38,15.7
54,2,142,2026-09-16T22:28:31,2026-09-16T22:28:39,7.5
55,2,142,2026-09-16T22:28:42,2026-09-16T22:28:49,6.9
56,2,146,2026-09-16T22:28:45,2026-09-16T22:28:53,8.2
57,1,1,2026-09-16T22:28:55,2026-09-16T22:29:03,7.8
58,2,152,2026-09-16T22:29:02,2026-09-16T22:29:13,11.1
59,2,158,2026-09-16T22:29:12,2026-09-16T22:29:20,8.5
60,2,154,2026-09-16T22:29:05,2026-09-16T22:29:40,34.1
61,1,163,2026-09-16T22:29:40,2026-09-16T22:29:47,7.2
62,1,163,2026-09-16T22:29:48,2026-09-16T22:30:02,13.9
63,2,176,2026-09-16T22:30:25,2026-09-16T22:30:31,7.0
64,1,173,2026-09-16T22:30:10,2026-09-16T22:30:43,32.6
65,2,178,2026-09-16T22:30:43,2026-09-16T22:30:51,8.4
66,2,182,2026-09-16T22:30:51,2026-09-16T22:31:04,12.4
67,2,188,2026-09-16T22:31:13,2026-09-16T22:31:20,7.2
68,1,185,2026-09-16T22:31:13,2026-09-16T22:32:00,47.3
69,2,192,2026-09-16T22:31:15,2026-09-16T22:32:04,48.3
70,1,162,2026-09-16T22:29:40,2026-09-16T22:32:11,151.4
71,1,199,2026-09-16T22:32:15,2026-09-16T22:32:21,6.2
72,1,161,2026-09-16T22:29:40,2026-09-16T22:32:27,166.8
73,1,201,2026-09-16T22:32:16,2026-09-16T22:32:31,15.6
74,2,198,2026-09-16T22:32:11,2026-09-16T22:32:36,25.4
75,2,138,2026-09-16T22:27:44,2026-09-16T22:32:42,298.2
76,2,184,2026-09-16T22:31:11,2026-09-16T22:32:50,99.6
77,2,206,2026-09-16T22:32:30,2026-09-16T22:32:58,27.7
78,2,206,2026-09-16T22:33:01,2026-09-16T22:33:11,10.6
79,2,214,2026-09-16T22:33:02,2026-09-16T22:33:13,10.5
80,2,220,2026-09-16T22:33:15,2026-09-16T22:33:28,12.9
81,1,229,2026-09-16T22:33:39,2026-09-16T22:33:50,11.0
82,2,212,2026-09-16T22:32:53,2026-09-16T22:34:18,84.8
83,2,235,2026-09-16T22:34:19,2026-09-16T22:34:31,11.3
84,2,226,2026-09-16T22:33:34,2026-09-16T22:34:42,68.8
85,2,222,2026-09-16T22:33:19,2026-09-16T22:34:53,94.1
86,2,226,2026-09-16T22:34:46,2026-09-16T22:34:53,7.1
87,1,193,2026-09-16T22:31:58,2026-09-16T22:35:09,191.4
88,1,203,2026-09-16T22:32:24,2026-09-16T22:35:16,172.7
89,1,240,2026-09-16T22:34:39,2026-09-16T22:35:16,37.2
90,2,234,2026-09-16T22:34:01,2026-09-16T22:35:24,82.2
91,1,1,2026-09-16T22:35:13,2026-09-16T22:35:24,10.5
92,2,243,2026-09-16T22:34:59,2026-09-16T22:35:30,30.6
93,2,256,2026-09-16T22:35:40,2026-09-16T22:36:00,20.0
94,2,258,2026-09-16T22:35:41,2026-09-16T22:36:12,30.7
95,2,245,2026-09-16T22:35:01,2026-09-16T22:36:38,97.1
96,2,260,2026-09-16T22:36:53,2026-09-16T22:37:08,14.6
97,2,258,2026-09-16T22:36:14,2026-09-16T22:37:09,54.7
98,1,1,2026-09-16T22:36:58,2026-09-16T22:37:11,12.7
99,2,262,2026-09-16T22:37:03,2026-09-16T22:37:24,20.8
100,1,238,2026-09-16T22:34:37,2026-09-16T22:37:33,175.1
101,1,248,2026-09-16T22:35:09,2026-09-16T22:37:33,143.6
102,2,270,2026-09-16T22:37:28,2026-09-16T22:37:35,6.8
103,1,271,2026-09-16T22:37:33,2026-09-16T22:37:43,9.9
104,1,263,2026-09-16T22:37:26,2026-09-16T22:37:51,25.0
105,1,273,2026-09-16T22:37:35,2026-09-16T22:37:51,16.7
106,2,268,2026-09-16T22:37:27,2026-09-16T22:37:56,29.0
107,1,1,2026-09-16T22:38:33,2026-09-16T22:38:47,13.5
108,2,278,2026-09-16T22:37:42,2026-09-16T22:39:04,82.7
109,2,245,2026-09-16T22:36:41,2026-09-16T22:39:07,145.7
110,2,286,2026-09-16T22:39:03,2026-09-16T22:39:12,9.0
111,2,285,2026-09-16T22:39:03,2026-09-16T22:39:23,19.7
112,2,286,2026-09-16T22:39:16,2026-09-16T22:39:24,7.8
113,2,286,2026-09-16T22:39:30,2026-09-16T22:39:39,9.1
114,2,290,2026-09-16T22:39:32,2026-09-16T22:39:43,10.9
115,1,1,2026-09-16T22:39:46,2026-09-16T22:39:58,11.9
116,2,296,2026-09-16T22:39:56,2026-09-16T22:40:12,15.8
117,2,302,2026-09-16T22:40:11,2026-09-16T22:40:23,11.8
118,2,298,2026-09-16T22:40:02,2026-09-16T22:40:53,51.0
119,1,307,2026-09-16T22:40:53,2026-09-16T22:41:04,10.4
120,1,307,2026-09-16T22:41:06,2026-09-16T22:41:26,20.3
121,2,320,2026-09-16T22:41:59,2026-09-16T22:42:09,9.4
122,1,317,2026-09-16T22:41:39,2026-09-16T22:42:25,46.5
123,2,322,2026-09-16T22:42:25,2026-09-16T22:42:37,12.7
124,2,326,2026-09-16T22:42:39,2026-09-16T22:42:56,17.0
125,2,332,2026-09-16T22:43:08,2026-09-16T22:43:18,10.2
126,1,329,2026-09-16T22:43:07,2026-09-16T22:44:03,56.0
127,2,336,2026-09-16T22:43:12,2026-09-16T22:44:08,55.7
128,1,306,2026-09-16T22:40:53,2026-09-16T22:44:17,203.2
1,2,13,2026-09-16T22:52:38,2026-09-16T22:52:49,11.1
2,2,7,2026-09-16T22:52:30,2026-09-16T22:53:10,39.8
3,1,22,2026-09-16T22:53:10,2026-09-16T22:53:17,7.1
4,1,22,2026-09-16T22:53:19,2026-09-16T22:53:38,18.5
5,2,31,2026-09-16T22:54:05,2026-09-16T22:54:14,9.3
6,1,30,2026-09-16T22:53:46,2026-09-16T22:54:34,47.7
7,2,33,2026-09-16T22:54:33,2026-09-16T22:54:46,12.4
8,2,37,2026-09-16T22:54:47,2026-09-16T22:55:07,20.0
9,2,43,2026-09-16T22:55:21,2026-09-16T22:55:34,13.6
10,1,42,2026-09-16T22:55:21,2026-09-16T22:56:17,56.1
11,2,47,2026-09-16T22:55:25,2026-09-16T22:56:21,56.4
12,1,21,2026-09-16T22:53:10,2026-09-16T22:56:30,200.0
13,1,56,2026-09-16T22:56:34,2026-09-16T22:56:40,6.3
14,1,20,2026-09-16T22:53:10,2026-09-16T22:56:46,215.2
15,1,58,2026-09-16T22:56:35,2026-09-16T22:56:49,13.7
16,2,53,2026-09-16T22:56:30,2026-09-16T22:56:54,23.9
17,2,8,2026-09-16T22:52:30,2026-09-16T22:57:02,271.6
18,2,39,2026-09-16T22:55:17,2026-09-16T22:57:11,113.5
19,2,61,2026-09-16T22:56:48,2026-09-16T22:57:21,32.9
20,2,61,2026-09-16T22:57:25,2026-09-16T22:57:34,8.7
21,2,69,2026-09-16T22:57:26,2026-09-16T22:57:35,8.4
22,2,75,2026-09-16T22:57:36,2026-09-16T22:57:47,10.5
23,1,86,2026-09-16T22:57:55,2026-09-16T22:58:01,6.2
24,2,67,2026-09-16T22:57:14,2026-09-16T22:58:17,62.3
25,2,91,2026-09-16T22:58:18,2026-09-16T22:58:26,8.5
26,2,81,2026-09-16T22:57:51,2026-09-16T22:58:33,42.4
27,2,77,2026-09-16T22:57:39,2026-09-16T22:58:43,63.5
28,2,81,2026-09-16T22:58:36,2026-09-16T22:58:43,6.9
29,1,50,2026-09-16T22:56:15,2026-09-16T22:58:56,160.8
30,1,60,2026-09-16T22:56:43,2026-09-16T22:59:01,137.7
31,1,96,2026-09-16T22:58:31,2026-09-16T22:59:01,29.9
32,2,89,2026-09-16T22:58:07,2026-09-16T22:59:07,59.4
33,1,1,2026-09-16T22:58:59,2026-09-16T22:59:07,8.1
34,2,99,2026-09-16T22:58:48,2026-09-16T22:59:11,23.4
35,2,111,2026-09-16T22:59:19,2026-09-16T22:59:29,10.4
36,2,113,2026-09-16T22:59:20,2026-09-16T22:59:37,17.4
37,2,101,2026-09-16T22:58:49,2026-09-16T22:59:57,67.6
38,2,115,2026-09-16T23:00:08,2026-09-16T23:00:19,10.4
39,2,113,2026-09-16T22:59:39,2026-09-16T23:00:19,40.5
40,1,1,2026-09-16T23:00:12,2026-09-16T23:00:21,8.5
41,2,117,2026-09-16T23:00:16,2026-09-16T23:00:29,13.3
42,1,94,2026-09-16T22:58:30,2026-09-16T23:00:38,127.5
43,1,104,2026-09-16T22:58:55,2026-09-16T23:00:38,102.6
44,2,125,2026-09-16T23:00:33,2026-09-16T23:00:40,6.7
45,1,128,2026-09-16T23:00:38,2026-09-16T23:00:45,7.0
46,1,122,2026-09-16T23:00:32,2026-09-16T23:00:53,20.9
47,1,130,2026-09-16T23:00:40,2026-09-16T23:00:53,13.0
48,2,121,2026-09-16T23:00:32,2026-09-16T23:00:56,24.6
49,1,1,2026-09-16T23:01:24,2026-09-16T23:01:32,7.2
50,2,133,2026-09-16T23:00:44,2026-09-16T23:01:45,60.4
51,2,101,2026-09-16T22:59:59,2026-09-16T23:01:46,107.1
52,2,140,2026-09-16T23:01:44,2026-09-16T23:01:51,7.0
53,2,139,2026-09-16T23:01:44,2026-09-16T23:02:00,16.4
54,2,140,2026-09-16T23:01:54,2026-09-16T23:02:01,7.5
55,2,140,2026-09-16T23:02:05,2026-09-16T23:02:13,7.2
56,2,145,2026-09-16T23:02:07,2026-09-16T23:02:16,8.7
57,1,1,2026-09-16T23:02:18,2026-09-16T23:02:27,8.1
58,2,151,2026-09-16T23:02:25,2026-09-16T23:02:36,11.2
59,2,157,2026-09-16T23:02:35,2026-09-16T23:02:44,8.2
60,2,153,2026-09-16T23:02:29,2026-09-16T23:03:03,34.4
61,1,166,2026-09-16T23:03:04,2026-09-16T23:03:12,8.6
62,1,166,2026-09-16T23:03:14,2026-09-16T23:03:27,13.0
63,2,175,2026-09-16T23:03:47,2026-09-16T23:03:55,8.1
