event_id,person_track_id,timestamp,direction,confidence

10,239,2026-09-04T18:30:16,IN,0.597
1,29,2026-09-04T19:31:48,OUT,0.617
2,115,2026-09-04T19:32:40,OUT,0.609
3,136,2026-09-04T19:33:13,OUT,0.567
4,173,2026-09-04T19:33:48,OUT,0.717
1,24,2026-09-04T19:34:49,IN,0.478
2,3,2026-09-04T19:35:07,IN,0.798
3,97,2026-09-04T19:35:42,IN,0.818
4,122,2026-09-04T19:36:01,IN,0.893
5,137,2026-09-04T19:36:25,IN,0.535
1,14,2026-09-04T19:37:49,OUT,0.773
2,43,2026-09-04T19:38:53,OUT,0.64
3,56,2026-09-04T19:39:00,IN,0.76
1,7,2026-09-04T19:39:56,IN,0.754
2,12,2026-09-04T19:40:17,OUT,0.672
3,24,2026-09-04T19:40:19,IN,0.786
4,35,2026-09-04T19:40:37,IN,0.84
5,31,2026-09-04T19:40:44,OUT,0.458
6,49,2026-09-04T19:40:53,OUT,0.82
7,50,2026-09-04T19:41:12,OUT,0.499
8,78,2026-09-04T19:42:24,IN,0.542
9,123,2026-09-04T19:42:54,IN,0.582
10,124,2026-09-04T19:42:57,OUT,0.474
11,137,2026-09-04T19:43:26,OUT,0.506
12,166,2026-09-04T19:43:53,IN,0.724
13,193,2026-09-04T19:44:36,OUT,0.655
14,206,2026-09-04T19:44:55,OUT,0.534
15,127,2026-09-04T19:45:18,IN,0.523
16,230,2026-09-04T19:45:25,OUT,0.482
17,1,2026-09-04T21:39:37,IN,0.789
18,4,2026-09-04T21:39:47,IN,0.698
19,43,2026-09-04T21:39:59,IN,0.805
20,37,2026-09-04T21:40:09,IN,0.833
21,84,2026-09-04T21:40:25,OUT,0.707
22,92,2026-09-04T21:40:34,OUT,0.523
23,124,2026-09-04T21:40:44,OUT,0.482
24,153,2026-09-04T21:41:12,OUT,0.514
25,161,2026-09-04T21:41:31,IN,0.741
26,158,2026-09-04T21:41:35,OUT,0.464
27,214,2026-09-04T21:42:02,OUT,0.522
28,205,2026-09-04T21:42:06,OUT,0.609
29,235,2026-09-04T21:42:09,OUT,0.474
30,337,2026-09-04T21:44:52,OUT,0.497
31,339,2026-09-04T21:44:54,OUT,0.535
32,346,2026-09-04T21:44:55,IN,0.641
33,344,2026-09-04T21:44:56,OUT,0.626
34,340,2026-09-04T21:45:15,OUT,0.54
35,347,2026-09-04T21:45:17,OUT,0.546
36,355,2026-09-04T21:45:18,OUT,0.635
37,497,2026-09-04T21:47:12,IN,0.888
38,501,2026-09-04T21:47:14,IN,0.78
39,1,2026-09-04T21:47:31,OUT,0.582
40,17,2026-09-04T21:47:32,IN,0.588
41,15,2026-09-04T21:47:35,OUT,0.635
42,25,2026-09-04T21:47:37,OUT,0.537
43,33,2026-09-04T21:47:38,IN,0.606
44,35,2026-09-04T21:47:41,OUT,0.491
45,51,2026-09-04T21:47:46,OUT,0.654
46,52,2026-09-04T21:47:50,IN,0.847
47,67,2026-09-04T21:47:52,OUT,0.684
48,64,2026-09-04T21:47:54,IN,0.811
49,72,2026-09-04T21:48:12,IN,0.52
50,96,2026-09-04T21:48:14,OUT,0.562
51,59,2026-09-04T21:48:23,OUT,0.507
52,103,2026-09-04T21:48:24,OUT,0.516
53,114,2026-09-04T21:48:25,IN,0.481
54,154,2026-09-04T21:48:47,IN,0.841
55,55,2026-09-04T23:28:58,IN,0.634
56,82,2026-09-04T23:29:07,IN,0.671
57,176,2026-09-04T23:29:48,OUT,0.526
58,182,2026-09-04T23:29:52,OUT,0.469
59,105,2026-09-04T23:29:53,IN,0.58
60,180,2026-09-04T23:29:53,OUT,0.491
61,188,2026-09-04T23:29:54,IN,0.699
62,199,2026-09-04T23:30:07,IN,0.638
63,231,2026-09-04T23:30:19,OUT,0.502
64,248,2026-09-04T23:30:20,OUT,0.451
65,246,2026-09-04T23:30:24,OUT,0.45
66,268,2026-09-04T23:30:26,OUT,0.471
67,280,2026-09-04T23:30:30,OUT,0.625
68,279,2026-09-04T23:30:32,OUT,0.511
69,291,2026-09-04T23:30:34,IN,0.816
70,299,2026-09-04T23:30:42,OUT,0.512
71,304,2026-09-04T23:30:45,OUT,0.549
72,317,2026-09-04T23:30:52,OUT,0.499
73,315,2026-09-04T23:30:52,OUT,0.511
74,330,2026-09-04T23:30:57,IN,0.649
75,368,2026-09-04T23:31:01,OUT,0.49
76,352,2026-09-04T23:31:02,IN,0.588
77,374,2026-09-04T23:31:04,OUT,0.512
78,378,2026-09-04T23:31:06,OUT,0.451
79,380,2026-09-04T23:31:07,OUT,0.501
80,406,2026-09-04T23:31:13,OUT,0.532
81,403,2026-09-04T23:31:13,OUT,0.46
82,411,2026-09-04T23:31:40,OUT,0.662
83,517,2026-09-04T23:32:55,IN,0.643
84,592,2026-09-04T23:33:32,IN,0.85
85,605,2026-09-04T23:33:47,IN,0.695
86,607,2026-09-04T23:33:50,OUT,0.479
87,638,2026-09-04T23:34:14,OUT,0.678
88,643,2026-09-04T23:34:20,OUT,0.473
89,655,2026-09-04T23:34:37,OUT,0.756
90,644,2026-09-04T23:34:45,OUT,0.764
91,693,2026-09-04T23:35:15,IN,0.711
92,705,2026-09-04T23:35:37,IN,0.786
93,761,2026-09-04T23:36:33,OUT,0.548
94,815,2026-09-04T23:37:05,IN,0.687
95,899,2026-09-04T23:37:36,OUT,0.48
96,870,2026-09-04T23:37:39,OUT,0.592
97,884,2026-09-04T23:37:40,IN,0.802
98,908,2026-09-04T23:38:03,IN,0.624
99,934,2026-09-04T23:38:29,OUT,0.51
100,966,2026-09-04T23:38:34,OUT,0.574
101,982,2026-09-04T23:38:39,OUT,0.588
102,969,2026-09-04T23:38:42,OUT,0.553
103,994,2026-09-04T23:38:43,OUT,0.544
104,997,2026-09-04T23:38:44,IN,0.554
105,1004,2026-09-04T23:38:52,OUT,0.622
106,1011,2026-09-04T23:38:53,IN,0.736
107,1015,2026-09-04T23:38:54,OUT,0.661
108,1040,2026-09-04T23:39:06,IN,0.551
109,1046,2026-09-04T23:39:08,IN,0.76
110,1105,2026-09-04T23:40:01,IN,0.804
111,1111,2026-09-04T23:40:05,IN,0.731
112,1142,2026-09-04T23:40:24,OUT,0.609
113,1161,2026-09-04T23:40:29,OUT,0.461
114,1167,2026-09-04T23:40:36,OUT,0.466
115,1171,2026-09-04T23:40:37,OUT,0.484
116,1120,2026-09-04T23:40:37,OUT,0.47
117,1207,2026-09-04T23:41:11,IN,0.737
118,1173,2026-09-04T23:41:19,IN,0.835
119,1279,2026-09-04T23:41:53,IN,0.543
120,1434,2026-09-04T23:43:13,IN,0.531
121,1523,2026-09-04T23:44:02,OUT,0.451
122,1548,2026-09-04T23:44:11,IN,0.833
123,1562,2026-09-04T23:44:28,OUT,0.57
124,1619,2026-09-04T23:44:48,IN,0.706
125,1646,2026-09-04T23:45:12,IN,0.86
126,1647,2026-09-04T23:45:14,IN,0.875
127,1648,2026-09-04T23:45:15,IN,0.791
128,1661,2026-09-04T23:45:21,OUT,0.676
129,1708,2026-09-04T23:45:53,OUT,0.624
130,1726,2026-09-04T23:46:34,OUT,0.466
131,1845,2026-09-04T23:47:37,IN,0.655
132,1849,2026-09-04T23:47:39,IN,0.671
133,1889,2026-09-04T23:48:03,OUT,0.635
134,1885,2026-09-04T23:48:04,OUT,0.748
135,1939,2026-09-04T23:48:37,IN,0.765
136,1920,2026-09-04T23:48:39,OUT,0.589
137,1942,2026-09-04T23:48:40,OUT,0.518
138,1950,2026-09-04T23:48:42,IN,0.859
139,1977,2026-09-04T23:49:11,IN,0.694
140,1981,2026-09-04T23:49:22,IN,0.564
141,2026,2026-09-04T23:49:29,OUT,0.479
142,2035,2026-09-04T23:49:33,IN,0.596
143,2047,2026-09-04T23:49:34,OUT,0.491
144,2056,2026-09-04T23:49:35,IN,0.611
145,2055,2026-09-04T23:49:35,OUT,0.502
146,2057,2026-09-04T23:49:48,IN,0.457
147,2083,2026-09-04T23:49:54,OUT,0.487
148,2087,2026-09-04T23:49:56,IN,0.805
149,2080,2026-09-04T23:49:56,OUT,0.57
150,2092,2026-09-04T23:49:58,OUT,0.463
151,2110,2026-09-04T23:50:07,OUT,0.543
152,2028,2026-09-04T23:50:12,OUT,0.525
153,2157,2026-09-04T23:50:24,OUT,0.547
154,2149,2026-09-04T23:50:25,OUT,0.512
155,2177,2026-09-04T23:50:35,IN,0.788
156,2240,2026-09-04T23:51:22,IN,0.815
157,2334,2026-09-04T23:52:37,OUT,0.468
158,2422,2026-09-04T23:53:26,IN,0.772
159,2420,2026-09-04T23:53:27,OUT,0.477
160,2431,2026-09-04T23:53:29,OUT,0.559
161,2447,2026-09-04T23:53:40,IN,0.642
162,2433,2026-09-04T23:53:41,OUT,0.632
163,2459,2026-09-04T23:53:41,IN,0.721
164,2454,2026-09-04T23:53:41,OUT,0.57
165,2457,2026-09-04T23:53:41,OUT,0.474
166,2461,2026-09-04T23:53:42,IN,0.79
167,2466,2026-09-04T23:53:43,OUT,0.451
168,2464,2026-09-04T23:53:44,OUT,0.499
169,2472,2026-09-04T23:53:46,OUT,0.514
170,2471,2026-09-04T23:53:50,OUT,0.55
171,2402,2026-09-04T23:53:54,OUT,0.73
172,2480,2026-09-04T23:53:55,OUT,0.476
173,2485,2026-09-04T23:54:03,OUT,0.724
174,2488,2026-09-04T23:54:04,OUT,0.564
175,2496,2026-09-04T23:54:19,OUT,0.597
176,2521,2026-09-04T23:55:20,IN,0.741
177,2531,2026-09-04T23:55:30,IN,0.867
178,2533,2026-09-04T23:55:37,OUT,0.571
179,2529,2026-09-04T23:55:38,IN,0.829
180,2537,2026-09-04T23:55:43,OUT,0.574
181,2541,2026-09-04T23:55:44,OUT,0.537
182,2547,2026-09-04T23:56:12,OUT,0.773
183,2559,2026-09-04T23:57:04,IN,0.54
184,2658,2026-09-04T23:58:09,OUT,0.663
185,2735,2026-09-04T23:59:02,IN,0.789
186,2933,2026-09-05T00:02:19,OUT,0.726
187,2989,2026-09-05T00:02:52,IN,0.54
188,3088,2026-09-05T00:04:12,OUT,0.509
189,3139,2026-09-05T00:05:10,IN,0.552
